Страница со ссылками на ресурс,Последнее сканирование
https://svad.net/electronics/computer_peripherals/keyboards?brand=372&country=ba&lang=ru&currency=bam,2026-04-08
https://busticket4.me/HR/1148-1126/bus/gongjiao-che-cong-polasciHerceg-Novi-zhi-Danilovgrad,2026-04-06
https://busticket4.me/HR/1148-1314-132-0-0/0-1/Herceg_Novi-Ruma/07-09-2018/,2026-04-06
https://busticket4.me/HR/1177-1148/gonggong-qiche/bus-depuis-Mojkovac-pour-Herceg-Novi,2026-04-06
https://busticket4.me/HR/1208-1148/autobus/red-voznje-polasciPozega-do-Herceg-Novi,2026-04-06
https://busticket4.me/HR/1283-1148/autobus/bus-depuis-Banja-Luka-pour-Herceg-Novi,2026-04-06
https://busticket4.me/HR/1444-1148-132-0-0/0-1/Ocinici-Herceg_Novi/12-07-2018/,2026-04-06
https://busticket4.me/hr/herceg_novi-novi_pazar?departureCityId=1148&arrivalCityId=1229,2026-04-06
https://busticket4.me/hr/vozni-red-backa_topola-do-herceg_novi,2026-04-06
https://busticket4.me/hr/vozni-red-banja_luka-do-herceg_novi,2026-04-06
https://busticket4.me/hr/vozni-red-bochum-do-herceg_novi,2026-04-06
https://busticket4.me/hr/vozni-red-castel_nuovo-do-obrenovac,2026-04-06
https://busticket4.me/hr/vozni-red-castel_nuovo-do-raska,2026-04-06
https://busticket4.me/hr/vozni-red-castel_nuovo-do-smederevska_palanka,2026-04-06
https://busticket4.me/hr/vozni-red-castel_nuovo-do-zlatica,2026-04-06
https://busticket4.me/hr/vozni-red-crkvine-do-herceg_novi,2026-04-06
https://busticket4.me/hr/vozni-red-doboj-do-castel_nuovo,2026-04-06
https://busticket4.me/hr/vozni-red-herceg_novi-do-arandjelovac,2026-04-06
https://busticket4.me/hr/vozni-red-herceg_novi-do-beograd,2026-04-06
https://busticket4.me/hr/vozni-red-herceg_novi-do-cacak,2026-04-06
https://busticket4.me/hr/vozni-red-herceg_novi-do-danilovgrad,2026-04-06
https://busticket4.me/hr/vozni-red-herceg_novi-do-doboj,2026-04-06
https://busticket4.me/hr/vozni-red-herceg_novi-do-haj_nehaj,2026-04-06
https://busticket4.me/hr/vozni-red-herceg_novi-do-lazarevac,2026-04-06
https://busticket4.me/hr/vozni-red-herceg_novi-do-podgorica,2026-04-06
https://busticket4.me/hr/vozni-red-herceg_novi-do-subotica,2026-04-06
https://busticket4.me/hr/vozni-red-herceg_novi-do-sveti_stefan,2026-04-06
https://busticket4.me/hr/vozni-red-herceg_novi-do-valjevo,2026-04-06
https://busticket4.me/hr/vozni-red-herceg_novi-do-zaton,2026-04-06
https://busticket4.me/hr/vozni-red-herceg_novi-do-zelenika,2026-04-06
https://busticket4.me/hr/vozni-red-herceg_novi-do-zenica,2026-04-06
https://busticket4.me/hr/vozni-red-karlsruhe-do-herceg_novi,2026-04-06
https://busticket4.me/hr/vozni-red-kraljevo-do-herceg_novi,2026-04-06
https://busticket4.me/hr/vozni-red-leskovac-do-herceg_novi,2026-04-06
https://busticket4.me/hr/vozni-red-markovici-do-herceg_novi,2026-04-06
https://busticket4.me/hr/vozni-red-mojkovac-do-herceg_novi,2026-04-06
https://busticket4.me/hr/vozni-red-opuzen-do-herceg_novi,2026-04-06
https://busticket4.me/hr/vozni-red-scepan_polje-do-herceg_novi,2026-04-06
https://busticket4.me/hr/vozni-red-smederevska_palanka-do-herceg_novi,2026-04-06
https://busticket4.me/hr/vozni-red-sutomore-do-herceg_novi,2026-04-06
https://busticket4.me/hr/vozni-red-ub-do-herceg_novi,2026-04-06
https://busticket4.me/hr/vozni-red-vrbas-do-herceg_novi,2026-04-06
https://busticket4.me/hr/vozni-red-zlatibor-do-herceg_novi,2026-04-06
https://busticket4.me/mne/red-voznje-backa_topola-do-herceg_novi,2026-04-06
https://busticket4.me/mne/red-voznje-herceg_novi-do-kercove,2026-04-06
https://busticket4.me/mne/red-voznje-herceg_novi-do-minhen,2026-04-06
https://busticket4.me/mne/red-voznje-herceg_novi-do-misici,2026-04-06
https://busticket4.me/mne/red-voznje-herceg_novi-do-scepan_polje,2026-04-06
https://busticket4.me/mne/red-voznje-karlsrue-do-herceg_novi,2026-04-06
https://busticket4.me/mne/red-voznje-manastir_moraca-do-herceg_novi,2026-04-06
https://busticket4.me/mne/red-voznje-minhen-do-herceg_novi,2026-04-06
https://busticket4.me/mne/red-voznje-pancevo-do-herceg_novi,2026-04-06
https://busticket4.me/mne/red-voznje-skadar-do-herceg_novi,2026-04-06
https://busticket4.me/MNE/1577-1148-132-0-0/0-1/Knjazevac-Herceg_Novi,2026-04-05
https://busticket4.me/hr/lipar-herceg_novi?departureCityId=1552&arrivalCityId=1148,2026-04-05
https://busticket4.me/hr/vozni-red-bar-do-herceg_novi,2026-04-05
https://busticket4.me/hr/vozni-red-bratislava-do-herceg_novi,2026-04-05
https://busticket4.me/hr/vozni-red-brodarevo-do-herceg_novi,2026-04-05
https://busticket4.me/hr/vozni-red-cetinjski_put-do-herceg_novi,2026-04-05
https://busticket4.me/hr/vozni-red-herceg_novi-do-modrica,2026-04-05
https://busticket4.me/hr/vozni-red-igalo-do-herceg_novi,2026-04-05
https://busticket4.me/hr/vozni-red-kosanica-do-herceg_novi,2026-04-05
https://busticket4.me/hr/vozni-red-lastva-do-herceg_novi,2026-04-05
https://busticket4.me/hr/vozni-red-uzice-do-castel_nuovo,2026-04-05
https://busticket4.me/mne/red-voznje-herceg_novi-do-kladovo,2026-04-05
https://busticket4.me/mne/red-voznje-herceg_novi-do-leskovac,2026-04-05
https://busticket4.me/mne/red-voznje-herceg_novi-do-sabac,2026-04-05
https://busticket4.me/mne/red-voznje-herceg_novi-do-subotica,2026-04-05
https://busticket4.me/mne/red-voznje-herceg_novi-do-tetove,2026-04-05
https://busticket4.me/mne/red-voznje-herceg_novi-do-zelenika,2026-04-05
https://busticket4.me/mne/red-voznje-kolasin-do-herceg_novi,2026-04-05
https://busticket4.me/mne/red-voznje-kotor-do-herceg_novi,2026-04-05
https://busticket4.me/mne/red-voznje-lapcici-do-herceg_novi,2026-04-05
https://busticket4.me/mne/red-voznje-lastva-do-herceg_novi,2026-04-05
https://busticket4.me/mne/red-voznje-mojkovac-do-herceg_novi,2026-04-05
https://busticket4.me/mne/red-voznje-nevesinje-do-herceg_novi,2026-04-05
https://busticket4.me/mne/red-voznje-ulcinj-do-herceg_novi,2026-04-05
https://kartomatbd.busticket4.me/MNE/1346-1148/autobus/red-voznje-Dubrovnik-do-Herceg-Novi,2026-04-05
https://busticket4.me/HR/1148-1248-132-0-0/0-1/Herceg_Novi-Blace,2026-04-04
https://busticket4.me/HR/1457-1148-132-0-0/0-1/Zlatica-Herceg_Novi/,2026-04-04
https://busticket4.me/MNE/1148-1206-132-0-0/0-1/Herceg_Novi-Zlatibor/05-06-2018,2026-04-04
https://busticket4.me/MNE/1148-1361-132-0-0/0-1/Herceg_Novi-Cuprija,2026-04-04
https://busticket4.me/MNE/1148-1413-132-0-0/0-1/Herceg_Novi-Kosic/11-09-2018,2026-04-04
https://busticket4.me/MNE/1148-1565-132-0-0/0-1/Herceg_Novi-Posusje,2026-04-04
https://busticket4.me/MNE/1302-1148-132-0-0/0-1/Mratinje-Herceg_Novi/19-08-2018,2026-04-04
https://busticket4.me/hr/vozni-red-bugojno-do-herceg_novi,2026-04-04
https://busticket4.me/hr/vozni-red-cetinje-do-herceg_novi,2026-04-04
https://busticket4.me/hr/vozni-red-herceg_novi-do-baosici,2026-04-04
https://busticket4.me/hr/vozni-red-herceg_novi-do-bileca,2026-04-04
https://busticket4.me/hr/vozni-red-herceg_novi-do-blace,2026-04-04
https://busticket4.me/hr/vozni-red-herceg_novi-do-carev_laz,2026-04-04
https://busticket4.me/hr/vozni-red-herceg_novi-do-frankfurt,2026-04-04
https://busticket4.me/hr/vozni-red-herceg_novi-do-odzak,2026-04-04
https://busticket4.me/hr/vozni-red-herceg_novi-do-pecurice,2026-04-04
https://busticket4.me/hr/vozni-red-herceg_novi-do-struga,2026-04-04
https://busticket4.me/hr/vozni-red-herceg_novi-do-vrnjacka_banja,2026-04-04
https://busticket4.me/hr/vozni-red-herceg_novi-do-zvornik,2026-04-04
https://busticket4.me/hr/vozni-red-osijek-do-herceg_novi,2026-04-04
https://busticket4.me/hr/vozni-red-prnjavor-do-herceg_novi,2026-04-04
https://busticket4.me/hr/vozni-red-spuz-do-herceg_novi,2026-04-04
https://busticket4.me/hr/vozni-red-svrljig-do-herceg_novi,2026-04-04
https://busticket4.me/hr/vozni-red-zlatica-do-herceg_novi,2026-04-04
https://busticket4.me/mne/red-voznje-andrijevica-do-herceg_novi,2026-04-04
https://busticket4.me/mne/red-voznje-bijelo_polje-do-herceg_novi,2026-04-04
https://busticket4.me/mne/red-voznje-bratica-do-herceg_novi,2026-04-04
https://busticket4.me/mne/red-voznje-budva-do-herceg_novi,2026-04-04
https://busticket4.me/mne/red-voznje-cacak-do-herceg_novi,2026-04-04
https://busticket4.me/mne/red-voznje-cetinje-do-herceg_novi,2026-04-04
https://busticket4.me/mne/red-voznje-danilovgrad-do-herceg_novi,2026-04-04
https://busticket4.me/mne/red-voznje-djurdjevica_tara-do-herceg_novi,2026-04-04
https://busticket4.me/mne/red-voznje-drac-do-herceg_novi,2026-04-04
https://busticket4.me/mne/red-voznje-frankfurt-do-herceg_novi,2026-04-04
https://busticket4.me/mne/red-voznje-gacko-do-herceg_novi,2026-04-04
https://busticket4.me/mne/red-voznje-herceg_novi-do-backa_topola,2026-04-04
https://busticket4.me/mne/red-voznje-herceg_novi-do-bratica,2026-04-04
https://busticket4.me/mne/red-voznje-herceg_novi-do-budva,2026-04-04
https://busticket4.me/mne/red-voznje-herceg_novi-do-buljarica,2026-04-04
https://busticket4.me/mne/red-voznje-herceg_novi-do-danilovgrad,2026-04-04
https://busticket4.me/mne/red-voznje-herceg_novi-do-djurdjevica_tara,2026-04-04
https://busticket4.me/mne/red-voznje-herceg_novi-do-dobro_polje,2026-04-04
https://busticket4.me/mne/red-voznje-herceg_novi-do-drenostica,2026-04-04
https://busticket4.me/mne/red-voznje-herceg_novi-do-dubrovnik,2026-04-04
https://busticket4.me/mne/red-voznje-herceg_novi-do-gornji_milanovac,2026-04-04
https://busticket4.me/mne/red-voznje-herceg_novi-do-igalo,2026-04-04
https://busticket4.me/mne/red-voznje-herceg_novi-do-jablanica,2026-04-04
https://busticket4.me/mne/red-voznje-herceg_novi-do-kasel,2026-04-04
https://busticket4.me/mne/red-voznje-herceg_novi-do-kavac,2026-04-04
https://busticket4.me/mne/red-voznje-herceg_novi-do-knin,2026-04-04
https://busticket4.me/mne/red-voznje-herceg_novi-do-kotor,2026-04-04
https://busticket4.me/mne/red-voznje-herceg_novi-do-kragujevac,2026-04-04
https://busticket4.me/mne/red-voznje-herceg_novi-do-kula,2026-04-04
https://busticket4.me/mne/red-voznje-herceg_novi-do-kursumlija,2026-04-04
https://busticket4.me/mne/red-voznje-herceg_novi-do-livno,2026-04-04
https://busticket4.me/mne/red-voznje-herceg_novi-do-ljig,2026-04-04
https://busticket4.me/mne/red-voznje-herceg_novi-do-ljubinje,2026-04-04
https://busticket4.me/mne/red-voznje-herceg_novi-do-lovcenac,2026-04-04
https://busticket4.me/mne/red-voznje-herceg_novi-do-makarska,2026-04-04
https://busticket4.me/mne/red-voznje-herceg_novi-do-metkovic,2026-04-04
https://busticket4.me/mne/red-voznje-herceg_novi-do-miljevina,2026-04-04
https://busticket4.me/mne/red-voznje-herceg_novi-do-mojkovac,2026-04-04
https://busticket4.me/mne/red-voznje-herceg_novi-do-mostar,2026-04-04
https://busticket4.me/mne/red-voznje-herceg_novi-do-niksicki_put,2026-04-04
https://busticket4.me/mne/red-voznje-herceg_novi-do-nis,2026-04-04
https://busticket4.me/mne/red-voznje-herceg_novi-do-novi_sad,2026-04-04
https://busticket4.me/mne/red-voznje-herceg_novi-do-odzak,2026-04-04
https://busticket4.me/mne/red-voznje-herceg_novi-do-pivski_manastir,2026-04-04
https://busticket4.me/mne/red-voznje-herceg_novi-do-pozega,2026-04-04
https://busticket4.me/mne/red-voznje-herceg_novi-do-pristina,2026-04-04
https://busticket4.me/mne/red-voznje-herceg_novi-do-prizren,2026-04-04
https://busticket4.me/mne/red-voznje-herceg_novi-do-prokuplje,2026-04-04
https://busticket4.me/mne/red-voznje-herceg_novi-do-przno,2026-04-04
https://busticket4.me/mne/red-voznje-herceg_novi-do-raska,2026-04-04
https://busticket4.me/mne/red-voznje-herceg_novi-do-rozaje,2026-04-04
https://busticket4.me/mne/red-voznje-herceg_novi-do-sinj,2026-04-04
https://busticket4.me/mne/red-voznje-herceg_novi-do-srbobran,2026-04-04
https://busticket4.me/mne/red-voznje-herceg_novi-do-sutomore,2026-04-04
https://busticket4.me/mne/red-voznje-herceg_novi-do-tirana,2026-04-04
https://busticket4.me/mne/red-voznje-herceg_novi-do-trnovo,2026-04-04
https://busticket4.me/mne/red-voznje-herceg_novi-do-uzice,2026-04-04
https://busticket4.me/mne/red-voznje-herceg_novi-do-vilusi,2026-04-04
https://busticket4.me/mne/red-voznje-herceg_novi-do-vrbas,2026-04-04
https://busticket4.me/mne/red-voznje-herceg_novi-do-zajecar,2026-04-04
https://busticket4.me/mne/red-voznje-herceg_novi-do-zlatibor,2026-04-04
https://busticket4.me/mne/red-voznje-jugodrvo-do-herceg_novi,2026-04-04
https://busticket4.me/mne/red-voznje-kamenari-do-herceg_novi,2026-04-04
https://busticket4.me/mne/red-voznje-kosic-do-herceg_novi,2026-04-04
https://busticket4.me/mne/red-voznje-kumanovo-do-herceg_novi,2026-04-04
https://busticket4.me/mne/red-voznje-lazarevac-do-herceg_novi,2026-04-04
https://busticket4.me/mne/red-voznje-livno-do-herceg_novi,2026-04-04
https://busticket4.me/mne/red-voznje-loznica-do-herceg_novi,2026-04-04
https://busticket4.me/mne/red-voznje-maribor-do-herceg_novi,2026-04-04
https://busticket4.me/mne/red-voznje-markovici-do-herceg_novi,2026-04-04
https://busticket4.me/mne/red-voznje-miljkovac-do-herceg_novi,2026-04-04
https://busticket4.me/mne/red-voznje-niksic-do-herceg_novi,2026-04-04
https://busticket4.me/mne/red-voznje-nirnberg-do-herceg_novi,2026-04-04
https://busticket4.me/mne/red-voznje-nis-do-herceg_novi,2026-04-04
https://busticket4.me/mne/red-voznje-novi_pazar-do-herceg_novi,2026-04-04
https://busticket4.me/mne/red-voznje-novi_sad-do-herceg_novi,2026-04-04
https://busticket4.me/mne/red-voznje-pecurice-do-herceg_novi,2026-04-04
https://busticket4.me/mne/red-voznje-podgorica-do-herceg_novi,2026-04-04
https://busticket4.me/mne/red-voznje-posusje-do-herceg_novi,2026-04-04
https://busticket4.me/mne/red-voznje-przno-do-herceg_novi,2026-04-04
https://busticket4.me/mne/red-voznje-rezevici-do-herceg_novi,2026-04-04
https://busticket4.me/mne/red-voznje-ribarice-do-herceg_novi,2026-04-04
https://busticket4.me/mne/red-voznje-sombor-do-herceg_novi,2026-04-04
https://busticket4.me/mne/red-voznje-tetovo-do-herceg_novi,2026-04-04
https://busticket4.me/mne/red-voznje-tivat-do-herceg_novi,2026-04-04
https://busticket4.me/mne/red-voznje-zaton-do-herceg_novi,2026-04-04
https://kartomat.busticket4.me/HR/1217-1148/autobus/vozni-red-Kula-do-Herceg-Novi,2026-04-04
https://kartomat.busticket4.me/HR/1705-1148/autobus/vozni-red-Rogatica-do-Herceg-Novi,2026-04-04
https://kartomat.busticket4.me/HR/1853-1148/autobus/vozni-red-Ljubinje-do-Herceg-Novi,2026-04-04
https://kartomat.busticket4.me/MNE/1209-1148/autobus/red-voznje-Cacak-do-Herceg-Novi,2026-04-04
https://kartomat.busticket4.me/MNE/1213-1148/gonggong-qiche/gongjiao-che-cong-Beograd-zhi-Herceg-Novi,2026-04-04
https://kartomat.busticket4.me/MNE/1294-1148/autobus/red-voznje-Doboj-do-Herceg-Novi,2026-04-04
https://kartomat.busticket4.me/MNE/1309-1148/autobus/red-voznje-Sarajevo-Istocno-do-Herceg-Novi,2026-04-04
https://new.busticket4.me/hr/vozni-red-herceg_novi-do-banja_luka,2026-04-04
https://new.busticket4.me/hr/vozni-red-herceg_novi-do-berane,2026-04-04
https://new.busticket4.me/hr/vozni-red-herceg_novi-do-mojkovac,2026-04-04
https://new.busticket4.me/hr/vozni-red-herceg_novi-do-ohrid,2026-04-04
https://busticket4.me/MNE/1347-1148-132-0-0/0-1/Ploce-Herceg_Novi,2026-04-03
https://busticket4.me/hr/vozni-red-podgorica-do-herceg_novi,2026-04-03
https://busticket4.me/hr/vozni-red-sveti_stefan-do-herceg_novi,2026-04-03
https://busticket4.me/mne/red-voznje-bar-do-herceg_novi,2026-04-03
https://busticket4.me/mne/red-voznje-berane-do-herceg_novi,2026-04-03
https://busticket4.me/mne/red-voznje-gornji_milanovac-do-herceg_novi,2026-04-03
https://busticket4.me/mne/red-voznje-herceg_novi-do-bar,2026-04-03
https://busticket4.me/mne/red-voznje-herceg_novi-do-berane,2026-04-03
https://busticket4.me/mne/red-voznje-herceg_novi-do-bijeljina,2026-04-03
https://busticket4.me/mne/red-voznje-herceg_novi-do-cacak,2026-04-03
https://busticket4.me/mne/red-voznje-herceg_novi-do-kolasin,2026-04-03
https://busticket4.me/mne/red-voznje-herceg_novi-do-kraljevo,2026-04-03
https://busticket4.me/mne/red-voznje-herceg_novi-do-niksic,2026-04-03
https://busticket4.me/mne/red-voznje-herceg_novi-do-novi_pazar,2026-04-03
https://busticket4.me/mne/red-voznje-herceg_novi-do-petrovac,2026-04-03
https://busticket4.me/mne/red-voznje-herceg_novi-do-podgorica,2026-04-03
https://busticket4.me/mne/red-voznje-herceg_novi-do-prijepolje,2026-04-03
https://busticket4.me/mne/red-voznje-herceg_novi-do-rogatica,2026-04-03
https://busticket4.me/mne/red-voznje-herceg_novi-do-sarajevo,2026-04-03
https://busticket4.me/mne/red-voznje-herceg_novi-do-tivat,2026-04-03
https://busticket4.me/mne/red-voznje-herceg_novi-do-trebinje,2026-04-03
https://busticket4.me/mne/red-voznje-herceg_novi-do-ulcinj,2026-04-03
https://busticket4.me/mne/red-voznje-kragujevac-do-herceg_novi,2026-04-03
https://busticket4.me/mne/red-voznje-lovcenac-do-herceg_novi,2026-04-03
https://ginekologija.me/tag/pucanje-vodenjaka/feed/,2026-04-03
https://kartomat.busticket4.me/HR/1233-1148/autobus/vozni-red-Kraljevo-do-Herceg-Novi,2026-04-03
https://kartomat.busticket4.me/MNE/1705-1148/autobus/red-voznje-Rogatica-do-Herceg-Novi,2026-04-03
https://kartomatbd.busticket4.me/MNE/1283-1148/autobus/bus-depuis-Banja-Luka-pour-Herceg-Novi,2026-04-03
https://new.busticket4.me/hr/vozni-red-beograd-do-herceg_novi,2026-04-03
https://new.busticket4.me/hr/vozni-red-herceg_novi-do-brcko,2026-04-03
https://new.busticket4.me/hr/vozni-red-herceg_novi-do-budva,2026-04-03
https://new.busticket4.me/hr/vozni-red-herceg_novi-do-danilovgrad,2026-04-03
https://new.busticket4.me/hr/vozni-red-herceg_novi-do-gornji_milanovac,2026-04-03
https://new.busticket4.me/hr/vozni-red-herceg_novi-do-jablanica,2026-04-03
https://new.busticket4.me/hr/vozni-red-herceg_novi-do-kolasin,2026-04-03
https://new.busticket4.me/hr/vozni-red-herceg_novi-do-milici,2026-04-03
https://new.busticket4.me/hr/vozni-red-herceg_novi-do-pozega,2026-04-03
https://new.busticket4.me/hr/vozni-red-herceg_novi-do-prnjavor,2026-04-03
https://new.busticket4.me/hr/vozni-red-herceg_novi-do-prokuplje,2026-04-03
https://new.busticket4.me/hr/vozni-red-herceg_novi-do-tivat,2026-04-03
https://new.busticket4.me/hr/vozni-red-herceg_novi-do-trebinje,2026-04-03
https://new.busticket4.me/hr/vozni-red-herceg_novi-do-zvornik,2026-04-03
https://new.busticket4.me/hr/vozni-red-novi_pazar-do-herceg_novi,2026-04-03
https://new.busticket4.me/hr/vozni-red-novi_sad-do-herceg_novi,2026-04-03
https://busticket4.me/mne/red-voznje-beograd-do-herceg_novi,2026-04-02
https://busticket4.me/mne/red-voznje-herceg_novi-do-baosici,2026-04-02
https://busticket4.me/mne/red-voznje-herceg_novi-do-beograd,2026-04-02
https://busticket4.me/mne/red-voznje-herceg_novi-do-radanovici,2026-04-02
https://ru.vijesti.me/стиль-жизни/Здравлье/553677/самый-современный-УЗИ-аппарат-в-мире-теперь-в-родильном-кабинете,2026-04-01
https://kartomatbd.busticket4.me/MNE/1165-1148/autobus/red-voznje-Bar-do-Herceg-Novi,2026-03-31
https://busticket4.me/MNE/1386-1148/autobus/red-voznje-Bec-do-Herceg-Novi,2026-03-28
https://busticket4.me/MNE/1277-1148/autobus/red-voznje-Jablanica-do-Herceg-Novi,2026-03-27
https://kartomat.busticket4.me/MNE/1142-1148/gonggong-qiche/gongjiao-che-cong-Tivat-zhi-Herceg-Novi,2026-03-18
https://busticket4.me/HR/1148-1181/autobus/desde-Herceg-Novi-para-Berane,2026-03-17
https://kartomat.busticket4.me/MNE/1148-1129/autobus/desde-Herceg-Novi-a-Niksic,2026-03-17
https://busticket4.me/HR/1148-1272/autobus/vozni-red-Herceg-Novi-do-Trebinje,2026-03-16
https://busticket4.me/MNE/1356-1148/autobus/red-voznje-Pristina-do-Herceg-Novi,2026-03-11
https://busticket4.me/HR/1148-1195/bus/bus-von-Herceg-Novi-zhi-Zabljak,2026-03-08
https://kartomat.busticket4.me/HR/1181-1148/autobus/vozni-red-Berane-a-Herceg-Novi,2026-03-08
https://busticket4.me/HR/1126-1148/autobus/vozni-red-Danilovgrad-do-Herceg-Novi,2026-02-27
https://www.uniqa.me/pub/media/wysiwyg/documents/me/spisak-ustanova-20-02-2026.pdf,2026-02-20
https://busticket4.me/MNE/1204-1148/autobus/red-voznje-Nova-Varos-do-Herceg-Novi,2026-02-11
https://busticket4.me/HR/1148-1207/autobus/vozni-red-Herceg-Novi-do-Uzice,2026-02-07
https://www.sveposao.com/ME/meljine-hospital_1s-031-640-988,2026-02-05
https://busticket4.me/MNE/1148-1332/autobus/red-voznje-Herceg-Novi-do-Bajina-Basta,2026-02-04
https://busticket4.me/HR/1175-1148/autobus/vozni-red-Kolasin-do-Herceg-Novi,2026-01-29
https://busticket4.me/HR/1150-1148/autobus/vozni-red-Kotor-do-Herceg-Novi,2026-01-28
https://busticket4.me/HR/1202-1148/autobus/vozni-red-Bijelo-Polje-do-Herceg-Novi,2026-01-27
https://busticket4.me/HR/1129-1148/autobus/bus-von-Niksic-a-Herceg-Novi,2026-01-21
https://tr.vijesti.me/yaşam-tarzı/sağlık/553677/Dünyanın-en-modern-ultrason-cihazı-artık-Natal-ofisinde-mevcut.,2026-01-21
https://busticket4.me/MNE/1148-1218/autobus/red-voznje-Herceg-Novi-do-Backa-Topola,2026-01-20
https://busticket4.me/MNE/1148-1357/autobus/red-voznje-Herceg-Novi-do-Skoplje,2026-01-19
https://busticket4.me/MNE/1269-1148/autobus/red-voznje-Nevesinje-do-Herceg-Novi,2026-01-18
https://busticket4.me/MNE/1291-1148/autobus/red-voznje-Modrica-do-Herceg-Novi,2026-01-16
https://busticket4.me/MNE/1345-1148/autobus/red-voznje-Gradiska-do-Herceg-Novi,2026-01-14
https://busticket4.me/HR/1346-1148/autobus/vozni-red-Dubrovnik-do-Herceg-Novi,2026-01-05
https://busticket4.me/MNE/1148-1237/autobus/red-voznje-Gerceg-Novyj-do-Vrnjachka-Banja,2026-01-05
https://busticket4.me/MNE/1280-1148/autobus/red-voznje-Bugojno-do-Herceg-Novi,2026-01-04
https://kartomat.busticket4.me/MNE/1148-1309/bus/bus-von-Herceg-Novi-para-Sarajevo,2025-12-29
https://kartomat.busticket4.me/MNE/1243-1148/autobus/red-voznje-Nis-a-Herceg-Novi,2025-12-26
https://busticket4.me/MNE/1148-1853/autobus/red-voznje-Herceg-Novi-do-Ljubinje,2025-12-25
https://busticket4.me/MNE/1292-1148/autobus/red-voznje-Derventa-do-Herceg-Novi,2025-12-22
https://busticket4.me/MNE/9572-1148/autobus/red-voznje-Stitaricka-Rijeka-do-Herceg-Novi,2025-12-22
https://busticket4.me/MNE/1148-1269/bus/bus-von-Herceg-Novi-do-Nevesinje,2025-12-21
https://busticket4.me/MNE/1556-1148/autobus/red-voznje-Struga-do-Herceg-Novi,2025-12-18
https://www.uniqa.me/pub/media/wysiwyg/documents/spisak-ustanova-04-12-2025.pdf,2025-12-04
https://uniqamne.dev.webfalcon.me/wp-content/uploads/2025/02/spisak-ustanova-16-12-2024.pdf,2025-11-25
https://busticket4.me/HR/1388-1148/autobus/vozni-red-Minhen-do-Herceg-Novi,2025-11-23
https://busticket4.me/HR/1290-1148/autobus/vozni-red-Brcko-do-Herceg-Novi,2025-11-21
https://busticket4.me/MNE/1148-1175/autobus/red-voznje-Herceg-Novi-do-Kolasin,2025-11-20
https://busticket4.me/MNE/1557-1148/autobus/red-voznje-Ohrid-do-Herceg-Novi,2025-11-12
https://busticket4.me/MNE/1148-1360/autobus/red-voznje-Herceg-Novi-do-Jagodina,2025-11-11
https://busticket4.me/HR/1218-1148/autobus/vozni-red-Backa-Topola-do-Herceg-Novi,2025-11-09
https://busticket4.me/MNE/1148-2089/autobus/red-voznje-Herceg-Novi-do-Tuzla,2025-11-08
https://busticket4.me/MNE/1853-1148/autobus/red-voznje-Ljubinje-do-Herceg-Novi,2025-11-08
https://busticket4.me/MNE/1148-1326/autobus/red-voznje-Herceg-Novi-a-Arandjelovac,2025-11-07
https://busticket4.me/MNE/1378-1148/autobus/red-voznje-Frankfurt-do-Herceg-Novi,2025-11-07
https://busticket4.me/MNE/1148-1217/autobus/red-voznje-Herceg-Novi-do-Kula,2025-11-06
https://www.uniqa.me/pub/media/wysiwyg/documents/spisak-ustanova-17-10-2025.pdf,2025-11-03
https://busticket4.me/MNE/1148-1301/autobus/red-voznje-Herceg-Novi-do-Pluzine,2025-11-02
https://busticket4.me/HR/1354-1148/autobus/vozni-red-Baosici-do-Herceg-Novi,2025-11-01
https://busticket4.me/MNE/1148-1342/autobus/red-voznje-Herceg-Novi-a-Pozarevac,2025-10-27
https://en.vijesti.me/lifestyle/health/553677/the-most-modern-ultrasound-machine-in-the-world-from-now-on-at-the-natal-office,2025-10-25
https://www.yellowpages.net/places/ME-Meljine,2025-10-24
https://kartomat.busticket4.me/HR/1148-1121/autobus/red-voznje-polasciHerceg-Novi-pour-Podgorica_,2025-10-22
https://busticket4.me/HR/1853-1148/autobus/vozni-red-Ljubinje-do-Herceg-Novi,2025-10-21
https://busticket4.me/MNE/1257-1148/autobus/red-voznje-Bileca-do-Herceg-Novi,2025-10-18
https://www.verif.com/en/company/BONA-LAB---PRIMA-68d9ceb112992303383a40cd/,2025-10-17
https://busticket4.me/MNE/1357-1148/autobus/red-voznje-Skoplje-do-Herceg-Novi,2025-10-15
https://busticket4.me/MNE/1711-1148/autobus/red-voznje-Medjugorje-do-Herceg-Novi,2025-08-28
https://busticket4.me/MNE/1148-1330/autobus/red-voznje-Herceg-Novi-a-Smederevo,2025-08-26
https://busticket4.me/MNE/1705-1148/autobus/red-voznje-Rogatica-a-Herceg-Novi,2025-08-18
https://busticket4.me/MNE/1237-1148/autobus/red-voznje-Vrnjacka-Banja-do-Herceg-Novi,2025-08-13
https://busticket4.me/MNE/1148-1206/autobus/red-voznje-Herceg-Novi-a-Zlatibor,2025-08-08
https://busticket4.me/MNE/1671-1148/autobus/red-voznje-Milici-do-Herceg-Novi,2025-08-07
https://0404.go.kr/bbs/embsyNtc/1/detail?ntnCd=290,2025-08-05
https://busticket4.me/MNE/1148-1344/autobus/red-voznje-Gerceg-Novi-do-Zenica,2025-07-20
https://overseas.mofa.go.kr/rs-ko/brd/m_27145/view.do?seq=1&srchFr&amp;srchTo&amp;srchWord&amp;srchTp&amp;multi_itm_seq=0&amp;itm_seq_1=0&amp;itm_seq_2=0&amp;company_cd&amp;company_nm,2025-06-17
https://busticket4.me/HR/1148-1309/autobus/vozni-red-Herceg-Novi-do-Sarajevo,2025-06-12
https://busticket4.me/MNE/1148-1378/autobus/red-voznje-Herceg-Novi-do-Frankfurt,2025-06-09
https://www.yoys.me/places/maternity-hospital,2025-06-08
https://busticket4.me/MNE/1148-1244/autobus/red-voznje-Herceg-Novi-do-Leskovac,2025-06-03
https://busticket4.me/MNE/1148-1291/autobus/red-voznje-Herceg-Novi-do-Modrica,2025-06-02
https://busticket4.me/MNE/1336-1148/autobus/red-voznje-Zajecar-do-Herceg-Novi,2025-05-31
https://busticket4.me/MNE/1225-1148/autobus/red-voznje-Rozaje-do-Herceg-Novi,2025-05-29
https://busticket4.me/MNE/1283-1148/autobus/red-voznje-Banja-Luka-do-Herceg-Novi,2025-05-29
https://busticket4.me/MNE/1332-1148/autobus/red-voznje-Bajina-Basta-do-Herceg-Novi,2025-05-29
https://busticket4.me/MNE/1230-1148/autobus/red-voznje-Raska-do-Herceg-Novi,2025-05-27
https://busticket4.me/MNE/1263-1148/autobus/red-voznje-Gacko-do-Herceg-Novi,2025-05-27
https://busticket4.me/MNE/1290-1148/autobus/red-voznje-Brcko-do-Herceg-Novi,2025-05-27
https://busticket4.me/MNE/1346-1148/autobus/red-voznje-Dubrovnik-a-Herceg-Novi,2025-05-27
https://busticket4.me/MNE/1392-1148/autobus/red-voznje-Valjevo-do-Herceg-Novi,2025-05-27
https://busticket4.me/MNE/1218-1148/autobus/red-voznje-Backa-Topola-do-Herceg-Novi,2025-05-26
https://busticket4.me/MNE/1148-1129/autobus/red-voznje-Herceg-Novi-do-Niksic,2025-05-25
https://busticket4.me/MNE/1148-1182/autobus/red-voznje-Herceg-Novi-do-Andrijevica,2025-05-25
https://busticket4.me/MNE/1148-1286/autobus/red-voznje-Herceg-Novi-do-Zvornik,2025-05-25
https://busticket4.me/MNE/1217-1148/autobus/red-voznje-Kula-do-Herceg-Novi,2025-05-25
https://busticket4.me/MNE/1148-1223/bus/bus-von-Herceg-Novi-do-Sombor,2025-05-23
https://busticket4.me/MNE/1148-1304/autobus/red-voznje-Herceg-Novi-do-Foca,2025-05-23
https://busticket4.me/MNE/1148-1294/autobus/red-voznje-Herceg-Novi-do-Doboj,2025-05-22
https://busticket4.me/MNE/1166-1148/autobus/red-voznje-Dobra-Voda-do-Herceg-Novi,2025-05-22
https://busticket4.me/MNE/1175-1148/autobus/red-voznje-Kolasin-do-Herceg-Novi,2025-05-22
https://busticket4.me/MNE/1349-1148/bus/bus-von-Split-do-Herceg-Novi,2025-05-22
https://busticket4.me/HR/1121-1148/autobus/vozni-red-Podgorica-do-Herceg-Novi,2025-05-21
https://busticket4.me/MNE/1148-1177/autobus/red-voznje-Herceg-Novi-do-Mojkovac,2025-05-20
https://busticket4.me/MNE/1148-1219/autobus/red-voznje-Herceg-Novi-do-Subotica,2025-05-20
https://busticket4.me/MNE/1149-1148/autobus/red-voznje-Igalo-do-Herceg-Novi,2025-05-20
https://busticket4.me/MNE/1208-1148/autobus/red-voznje-Pozega-do-Herceg-Novi,2025-05-20
https://busticket4.me/MNE/1309-1148/autobus/red-voznje-Sarajevo-do-Herceg-Novi,2025-05-20
https://busticket4.me/MNE/1161-1148/autobus/red-voznje-Petrovac-do-Herceg-Novi,2025-05-18
https://busticket4.me/MNE/1276-1148/autobus/red-voznje-Mostar-do-Herceg-Novi,2025-05-18
https://busticket4.me/MNE/1804-1148/autobus/red-voznje-Smederevska-Palanka-do-Herceg-Novi,2025-05-18
https://busticket4.me/MNE/1145-1148/autobus/red-voznje-Bijela-do-Herceg-Novi,2025-05-17
https://busticket4.me/MNE/1148-1754/autobus/red-voznje-Herceg-Novi-do-Tirana,2025-05-17
https://busticket4.me/MNE/1210-1148/autobus/red-voznje-Gornji-Milanovac-do-Herceg-Novi,2025-05-17
https://busticket4.me/MNE/1250-1148/autobus/red-voznje-Prokuplje-do-Herceg-Novi,2025-05-17
https://busticket4.me/MNE/1329-1148/autobus/red-voznje-Velika-Plana-do-Herceg-Novi,2025-05-17
https://busticket4.me/MNE/1360-1148/autobus/red-voznje-Jagodina-do-Herceg-Novi,2025-05-17
https://busticket4.me/MNE/1148-1193/autobus/red-voznje-Herceg-Novi-do-Pljevlja,2025-05-12
https://busticket4.me/MNE/1148-1164/autobus/red-voznje-Herceg-Novi-do-Sutomore,2025-05-11
https://busticket4.me/MNE/1148-1557/autobus/red-voznje-Herceg-Novi-do-Ohrid,2025-05-11
https://busticket4.me/MNE/1234-1148/autobus/red-voznje-Kragujevac-do-Herceg-Novi,2025-05-10
https://busticket4.me/MNE/1148-1214/autobus/red-voznje-Herceg-Novi-do-Novi-Sad,2025-05-09
https://busticket4.me/MNE/1148-1234/autobus/red-voznje-Herceg-Novi-do-Kragujevac,2025-05-09
https://busticket4.me/MNE/1148-1239/autobus/red-voznje-Herceg-Novi-do-Krusevac,2025-05-09
https://busticket4.me/MNE/1148-1349/autobus/red-voznje-Herceg-Novi-do-Split,2025-05-09
https://busticket4.me/MNE/1229-1148/autobus/red-voznje-Novi-Pazar-do-Herceg-Novi,2025-05-08
https://busticket4.me/MNE/1313-1148/autobus/red-voznje-Sabac-do-Herceg-Novi,2025-05-08
https://busticket4.me/HR/1134-1148/autobus/vozni-red-Cetinje-do-Herceg-Novi,2025-05-07
https://busticket4.me/MNE/1148-1203/autobus/red-voznje-Herceg-Novi-do-Prijepolje,2025-05-07
https://busticket4.me/HR/1148-1121/autobus/vozni-red-Herceg-Novi-do-Podgorica,2025-04-30
https://busticket4.me/MNE/1148-1207/autobus/red-voznje-Herceg-Novi-do-Uzice,2025-04-30
https://busticket4.me/MNE/1148-1208/autobus/red-voznje-Herceg-Novi-do-Pozega,2025-04-30
https://busticket4.me/MNE/1148-1209/autobus/red-voznje-Herceg-Novi-do-Cacak,2025-04-30
https://busticket4.me/MNE/1148-1276/autobus/red-voznje-Herceg-Novi-do-Mostar,2025-04-30
https://busticket4.me/MNE/1207-1148/autobus/red-voznje-Uzice-do-Herceg-Novi,2025-04-30
https://busticket4.me/MNE/1286-1148/autobus/red-voznje-Zvornik-do-Herceg-Novi,2025-04-30
https://busticket4.me/MNE/1294-1148/autobus/red-voznje-Doboj-do-Herceg-Novi,2025-04-30
https://busticket4.me/MNE/1304-1148/autobus/red-voznje-Foca-do-Herceg-Novi,2025-04-30
https://busticket4.me/MNE/1394-1148/autobus/red-voznje-Obrenovac-do-Herceg-Novi,2025-04-30
https://busticket4.me/MNE/1142-1148/autobus/red-voznje-Tivat-a-Herceg-Novi,2025-04-29
https://busticket4.me/MNE/1150-1148/autobus/red-voznje-Kotor-do-Herceg-Novi,2025-04-29
https://busticket4.me/MNE/1203-1148/autobus/red-voznje-Prijepolje-do-Herceg-Novi,2025-04-29
https://busticket4.me/MNE/1121-1148/autobus/red-voznje-Podgorica-do-Herceg-Novi,2025-04-28
https://busticket4.me/MNE/1126-1148/autobus/red-voznje-Danilovgrad-do-Herceg-Novi,2025-04-28
https://busticket4.me/MNE/1139-1148/autobus/red-voznje-Budva-do-Herceg-Novi,2025-04-28
https://busticket4.me/MNE/1148-1216/autobus/red-voznje-Herceg-Novi-do-Vrbas,2025-04-28
https://busticket4.me/MNE/1148-1230/autobus/red-voznje-Herceg-Novi-do-Raska,2025-04-28
https://busticket4.me/MNE/1206-1148/autobus/red-voznje-Zlatibor-do-Herceg-Novi,2025-04-28
https://busticket4.me/MNE/1214-1148/autobus/red-voznje-Novi-Sad-do-Herceg-Novi,2025-04-28
https://busticket4.me/MNE/1239-1148/autobus/red-voznje-Krusevac-do-Herceg-Novi,2025-04-28
https://busticket4.me/MNE/1359-1148/autobus/red-voznje-Paracin-do-Herceg-Novi,2025-04-28
https://busticket4.me/MNE/2089-1148/autobus/red-voznje-Tuzla-do-Herceg-Novi,2025-04-28
https://busticket4.me/MNE/1148-1150/autobus/red-voznje-Herceg-Novi-do-Kotor,2025-04-27
https://busticket4.me/MNE/1148-1213/autobus/red-voznje-Herceg-Novi-do-Beograd,2025-04-27
https://busticket4.me/MNE/1148-1243/autobus/red-voznje-Herceg-Novi-do-Nis,2025-04-27
https://busticket4.me/MNE/1148-1289/autobus/red-voznje-Herceg-Novi-do-Bijeljina,2025-04-27
https://busticket4.me/MNE/1148-1309/autobus/red-voznje-Herceg-Novi-do-Sarajevo,2025-04-27
https://busticket4.me/MNE/1148-1346/autobus/red-voznje-Herceg-Novi-do-Dubrovnik,2025-04-27
https://busticket4.me/MNE/1177-1148/autobus/red-voznje-Mojkovac-do-Herceg-Novi,2025-04-27
https://busticket4.me/MNE/1238-1148/autobus/red-voznje-Trstenik-do-Herceg-Novi,2025-04-27
https://busticket4.me/MNE/1243-1148/autobus/red-voznje-Nis-do-Herceg-Novi,2025-04-27
https://busticket4.me/MNE/1148-1161/autobus/red-voznje-Herceg-Novi-do-Petrovac,2025-04-26
https://busticket4.me/MNE/1148-1225/autobus/red-voznje-Herceg-Novi-do-Rozaje,2025-04-26
https://busticket4.me/MNE/1167-1148/autobus/red-voznje-Ulcinj-do-Herceg-Novi,2025-04-26
https://busticket4.me/MNE/1202-1148/autobus/red-voznje-Bijelo-Polje-do-Herceg-Novi,2025-04-26
https://busticket4.me/MNE/1148-1126/autobus/red-voznje-Herceg-Novi-do-Danilovgrad,2025-04-24
https://busticket4.me/MNE/1148-1165/autobus/red-voznje-Herceg-Novi-do-Bar,2025-04-24
https://busticket4.me/MNE/1233-1148/autobus/red-voznje-Kraljevo-do-Herceg-Novi,2025-04-24
https://busticket4.me/MNE/1272-1148/autobus/red-voznje-Trebinje-do-Herceg-Novi,2025-04-24
https://busticket4.me/MNE/1148-1134/autobus/red-voznje-Herceg-Novi-do-Cetinje,2025-04-23
https://busticket4.me/MNE/1148-1142/autobus/red-voznje-Herceg-Novi-do-Tivat,2025-04-23
https://busticket4.me/MNE/1148-1229/autobus/red-voznje-Herceg-Novi-do-Novi-Pazar,2025-04-23
https://busticket4.me/MNE/1148-1233/autobus/red-voznje-Herceg-Novi-do-Kraljevo,2025-04-23
https://busticket4.me/MNE/1148-1272/autobus/red-voznje-Herceg-Novi-do-Trebinje,2025-04-23
https://busticket4.me/MNE/1165-1148/autobus/red-voznje-Bar-do-Herceg-Novi,2025-04-23
https://www.yoys.me/phone-382-31640988-hospital-Meljine-ME8200.html,2024-12-17
https://ginekologija.me/2020/05/odgovori-doktora-halitija-na-pitanja-citateljki/,2024-11-20
https://me.near-place.com/establishment-nearby-bolnica-meljine-94-brace-grakalic-meljine/da,2024-10-02
https://me.near-place.com/bolnica-meljine-94-brace-grakalic-meljine/es,2024-08-02
https://me.near-place.com/establishment-nearby-bolnica-meljine-94-brace-grakalic-meljine/ru,2024-08-02
https://me.near-place.com/hospital-nearby-bolnica-meljine-94-brace-grakalic-meljine/de,2024-08-02
https://me.near-place.com/bolnica-meljine-94-brace-grakalic-meljine/ru,2024-07-31
https://me.near-place.com/establishment-nearby-bolnica-meljine-94-brace-grakalic-meljine/de,2024-07-31
https://me.near-place.com/health-nearby-bolnica-meljine-94-brace-grakalic-meljine/ru,2024-07-31
https://me.near-place.com/hospital-nearby-bolnica-meljine-94-brace-grakalic-meljine/ru,2024-07-31
https://me.near-place.com/point_of_interest-nearby-bolnica-meljine-94-brace-grakalic-meljine,2024-07-31
https://me.near-place.com/bolnica-meljine-94-brace-grakalic-meljine/da,2024-07-30
https://me.near-place.com/point_of_interest-nearby-bolnica-meljine-94-brace-grakalic-meljine/da,2024-07-30
https://me.near-place.com/hospital-nearby-bolnica-meljine-94-brace-grakalic-meljine/pl,2024-07-28
https://me.near-place.com/health-nearby-bolnica-meljine-94-brace-grakalic-meljine/pl,2024-07-27
https://me.near-place.com/bolnica-meljine-94-brace-grakalic-meljine/pl,2024-07-24
https://me.near-place.com/bolnica-meljine-94-brace-grakalic-meljine,2024-07-23
https://uk.vijesti.me/стиль-життя/здоров'я/553677/найсучасніший-у-світі-УЗД-відтепер-у-пологовому-кабінеті,2024-07-23
https://me.near-place.com/establishment-nearby-bolnica-meljine-94-brace-grakalic-meljine/es,2024-07-17
https://me.near-place.com/hospital-nearby-bolnica-meljine-94-brace-grakalic-meljine/da,2024-07-16
https://me.near-place.com/hospital-nearby-bolnica-meljine-94-brace-grakalic-meljine/es,2024-07-06
https://me.near-place.com/health-nearby-bolnica-meljine-94-brace-grakalic-meljine/da,2024-07-02
https://hercegnovi.me/sr/edition/21-useful-things-you-can-do-while-youre-stuck-at-home-advice,2024-06-23
https://me.near-place.com/point_of_interest-nearby-bolnica-meljine-94-brace-grakalic-meljine/de,2024-06-15
http://me.near-place.com/bolnica-meljine-94-brace-grakalic-meljine/de,2024-06-04
https://me.near-place.com/establishment-nearby-bolnica-meljine-94-brace-grakalic-meljine/pl,2024-05-27
https://me.near-place.com/health-nearby-bolnica-meljine-94-brace-grakalic-meljine/es,2024-05-27
https://me.near-place.com/establishment-nearby-bolnica-meljine-94-brace-grakalic-meljine,2024-05-24
https://me.near-place.com/health-nearby-bolnica-meljine-94-brace-grakalic-meljine/de,2024-05-22
https://me.near-place.com/point_of_interest-nearby-bolnica-meljine-94-brace-grakalic-meljine/es,2024-05-21
https://me.near-place.com/point_of_interest-nearby-bolnica-meljine-94-brace-grakalic-meljine/pl,2024-05-21
https://me.near-place.com/health-nearby-bolnica-meljine-94-brace-grakalic-meljine,2024-03-12
https://me.near-place.com/point_of_interest-nearby-bolnica-meljine-94-brace-grakalic-meljine/ru,2024-03-12
https://me.near-place.com/hospital-nearby-bolnica-meljine-94-brace-grakalic-meljine,2024-02-29
https://nasedoba.me/?p=1401,2023-10-27
https://www.yellowpages.net/phone-382-31640988-hospital-Meljine-ME8200.html,2023-09-29
https://www.hercegnovi.me/sr/13-kontakt,2023-08-03
https://www.vijesti.me/lifestyle/zdravlje/553677/najsavremeniji-ultrazvucni-aparat-na-svijetu-od-sada-u-ordinaciji-natal,2022-09-21
https://www.hercegnovi.me/en/9-servis-za-gradane/21-2014-02-26-12-13-49,2022-08-07
https://ujn.gov.me/wp-content/uploads/2013/10/Studija-CEMI.pdf,2022-05-24
https://www.hercegnovi.me/sr/component/content/article/9-2014-02-26-08-15-35/21-2014-02-26-12-13-49,2022-05-02
https://www.hercegnovi.me/en/kontakt/vazniji-telefonski-brojevi,2022-03-15
https://www.hercegnovi.me/sr-yu/kontakt/vazniji-telefonski-brojevi,2022-03-15
https://hercegnovi.me/sr/kontakt/vazniji-telefonski-brojevi,2022-03-09
https://www.cdm.me/drustvo/najsavremeniji-ultrazvucni-aparat-na-svijetu-od-sada-u-ordinaciji-natal/,2021-07-20
https://forum.cdm.me/showthread.php?85190-i-smjestaj-apartman-soba-u-herceg-novom-meljinama&p=2309239,2019-11-25
https://medicalcg.me/vlada-crne-gore-imenovala-ministra-zdravlja/,2019-10-02
https://medium.com/karina-savaryna/мои-приключения-в-больницах-черногории-adc09a179ced,2019-03-28
https://serbia.embassy.gov.au/bgde/doctors_list.html,2018-08-13
https://meditech.rs/,2018-05-20
https://forum.cdm.me/showthread.php?83010-Crna-Gora-pod-spoljnm-zidom-sankcija-!,2018-02-03
https://www.insightguides.com/destinations/europe/montenegro/plan-your-trip,2016-08-24
http://www.delphinsoftware.com/index.php?action=pregledprezentacija,2016-08-14
https://sh.wikipedia.org/wiki/Meljine_(Herceg_Novi),2016-07-04