code	id	slug	src
B67B	7796	hospitalization-for-degenerative-nervous-system-disorders-with-moderate-cc	mojkovac
D63Z	7797	hospitalization-for-otitis-media-and-upper-respiratory-tract-infection	mojkovac
D64Z	7798	hospitalization-for-laryngotracheitis-and-epiglottitis	mojkovac
E62B	7801	hospitalization-for-respiratory-infections-with-severe-or-moderate-cc	mojkovac
E62C	7799	hospitalization-for-respiratory-infections-without-cc	mojkovac
E65B	7802	hospitalization-for-copd-without-very-severe-or-severe-cc	mojkovac
E69A	7803	hospitalization-for-bronchitis-and-asthma-with-cc	mojkovac
E69B	7800	hospitalization-for-bronchitis-and-asthma-without-cc	mojkovac
E71A	7804	hospitalization-for-respiratory-neoplasms-with-very-severe-cc	mojkovac
E71B	7805	hospitalization-for-respiratory-neoplasms-without-very-severe-cc	mojkovac
G63Z	7806	hospitalization-for-uncomplicated-peptic-ulcer	mojkovac
H64B	7807	hospitalization-for-biliary-system-disorders-without-cc	mojkovac
J60B	7810	hospitalization-for-skin-ulcer-without-very-severe-cc	mojkovac
J67A	7808	hospitalization-for-minor-skin-disorders	mojkovac
J68B	7809	hospitalization-for-major-skin-disorders-without-very-severe-or-severe-cc	mojkovac
J68C	7811	hospitalization-for-major-skin-disorders-same-day	mojkovac
J69A	7812	hospitalization-for-malignant-skin-lesions-with-very-severe-cc	mojkovac
K60B	7813	hospitalization-for-diabetes-without-very-severe-or-severe-cc	mojkovac
L63B	7814	hospitalization-for-kidney-and-urinary-tract-infection-without-very-severe-or-severe-cc	mojkovac
L67B	7815	hospitalization-for-other-kidney-and-urinary-system-disorders-without-very-severe-or-sever	mojkovac
M60A	7816	hospitalization-for-male-reproductive-system-malignancy-with-very-severe-or-severe-cc	mojkovac
N61Z	7818	hospitalization-for-female-reproductive-system-infections	mojkovac
N62Z	7817	hospitalization-for-menstrual-and-other-female-reproductive-disorders	mojkovac
T62B	7819	hospitalization-for-fever-of-unknown-origin-without-cc	mojkovac
B67B	7796	hospitalization-for-degenerative-nervous-system-disorders-with-moderate-cc	fzocg-drg
C05Z	6591	dacryocystorhinostomy	fzocg-drg
D01Z	6347	cochlear-implant-implantation	fzocg-drg
D63Z	7797	hospitalization-for-otitis-media-and-upper-respiratory-tract-infection	fzocg-drg
E62B	7801	hospitalization-for-respiratory-infections-with-severe-or-moderate-cc	fzocg-drg
E62C	7799	hospitalization-for-respiratory-infections-without-cc	fzocg-drg
E69A	7803	hospitalization-for-bronchitis-and-asthma-with-cc	fzocg-drg
E69B	7800	hospitalization-for-bronchitis-and-asthma-without-cc	fzocg-drg
E71A	7804	hospitalization-for-respiratory-neoplasms-with-very-severe-cc	fzocg-drg
G63Z	7806	hospitalization-for-uncomplicated-peptic-ulcer	fzocg-drg
H64B	7807	hospitalization-for-biliary-system-disorders-without-cc	fzocg-drg
J67A	7808	hospitalization-for-minor-skin-disorders	fzocg-drg
J68C	7811	hospitalization-for-major-skin-disorders-same-day	fzocg-drg
J69A	7812	hospitalization-for-malignant-skin-lesions-with-very-severe-cc	fzocg-drg
M60A	7816	hospitalization-for-male-reproductive-system-malignancy-with-very-severe-or-severe-cc	fzocg-drg
N61Z	7818	hospitalization-for-female-reproductive-system-infections	fzocg-drg
N62Z	7817	hospitalization-for-menstrual-and-other-female-reproductive-disorders	fzocg-drg
Q01Z	3478	splenectomy	fzocg-drg
T62B	7819	hospitalization-for-fever-of-unknown-origin-without-cc	fzocg-drg
