"URL","Impressions","Clicks","Last crawled","Discovered on","HTTP code","Document size","Backlinks"
"https://docta.me/doctors/milan-popivoda","21","8","2026-07-15","2026-04-01","200","293750","0"
"https://docta.me/doctors/ana-popovic","20","6","2026-07-24","2026-04-01","200","274663","0"
"https://docta.me/doctors/arsenije-radunovic","12","5","2026-07-19","2026-04-01","200","252397","0"
"https://docta.me/doctors/maida-burdzovic","7","4","2026-07-24","2026-04-01","200","284534","0"
"https://docta.me/doctors/emilija-delevic","5","4","2026-07-25","2026-04-01","200","284530","0"
"https://docta.me/doctors/milan-popivoda?lang=en","10","4","2026-07-23","2026-05-17","200","315408","0"
"https://docta.me/doctors/zoja-stankovic","1","4","2026-07-27","2026-04-01","200","275313","0"
"https://docta.me/doctors/nikola-bulatovic","26","3","2026-07-23","2026-04-01","200","353476","0"
"https://docta.me/doctors/aleksandar-popovic","7","3","2026-07-20","2026-04-01","200","263899","0"
"https://docta.me/doctors/dzihad-pepic","6","3","2026-07-15","2026-04-01","200","268672","0"
"https://docta.me/doctors/drasko-vukovic","8","3","2026-07-15","2026-04-01","200","662438","0"
"https://docta.me/doctors/marko-borovinic","8","3","2026-07-24","2026-04-01","200","273634","0"
"https://docta.me/doctors/436","12","2","2025-12-07","2025-12-07","200","82758","0"
"https://docta.me/doctors/radovic-nenad","3","2","2026-07-19","2026-04-01","200","287026","0"
"https://docta.me/doctors/aleksandar-juskovic?lang=en","14","2","2026-07-15","2026-04-01","200","269317","0"
"https://docta.me/doctors/sasa-radovic?lang=en","6","2","2026-07-13","2026-04-01","200","264409","0"
"https://docta.me/doctors","14","2","2026-07-24","2025-12-03","200","965448","0"
"https://docta.me/doctors/nelica-ivanovic-radovic","4","2","2026-04-01","2026-04-01","200","178765","0"
"https://docta.me/doctors/danijela-katic","3","2","2026-06-25","2026-04-01","200","252285","0"
"https://docta.me/doctors/nermin-abdic","7","2","2026-07-23","2026-04-01","200","383044","0"
"https://docta.me/doctors/vlado-popovic","12","2","2026-07-15","2026-04-20","200","461360","0"
"https://docta.me/doctors/vlado-popovic?lang=en","11","2","2026-05-27","2026-04-01","200","467942","0"
"https://docta.me/doctors/snezana-pavicevic","4","2","2026-07-15","2026-04-01","200","291526","0"
"https://docta.me/doctors/jovovic-predrag","10","2","2026-06-06","2026-04-01","200","510720","0"
"https://docta.me/doctors/milos-stanojevic?lang=en","1","2","2026-07-18","2026-04-01","200","278213","0"
"https://docta.me/doctors/branko-lutovac?lang=en","13","2","2026-07-18","2026-04-01","200","252515","0"
"https://docta.me/doctors/vladimir-popovic","4","2","2026-07-10","2026-04-01","0","252493","0"
"https://docta.me/doctors/olivera-miketic?lang=en","6","2","2026-07-13","2026-04-01","200","253662","0"
"https://docta.me/doctors/jelena-milonjic?lang=sr-cyrl","2","2","2026-04-01","2026-04-01","200","130519","0"
"https://docta.me/doctors/visnjic-stanislava","4","2","2026-07-24","2026-04-01","200","291121","0"
"https://docta.me/doctors/biljana-popovic","2","2","2026-07-27","2026-04-01","200","286976","0"
"https://docta.me/doctors/velibor-majic","6","2","2026-07-16","2026-04-01","200","278190","0"
"https://docta.me/doctors/milica-sofranac","3","2","2026-07-15","2026-04-01","200","274975","0"
"https://docta.me/doctors/suzana-uskokovic?lang=en","15","2","2026-06-16","2026-04-01","200","301602","0"
"https://docta.me/doctors/tatjana-motrenko-simic","11","2","2026-06-24","2026-04-01","200","292820","0"
"https://docta.me/doctors/miketic-ivana","4","2","2026-07-23","2026-04-01","200","325927","0"
"https://docta.me/doctors/zanka-cerovic?lang=en","2","2","2026-07-19","2026-05-27","200","295932","0"
"https://docta.me/doctors/antoaneta-adzic-zecevic","3","2","2026-07-24","2026-04-01","200","274620","0"
"https://docta.me/doctors/aleksandra-lakovic-tatar?lang=en","4","2","2026-06-22","2026-04-01","200","567018","0"
"https://docta.me/doctors/selma-franca?lang=en","2","1","2026-06-02","2026-04-01","200","248952","0"
"https://docta.me/doctors/milos-obradovic","4","1","2026-05-10","2026-04-01","200","263216","0"
"https://docta.me/doctors/vukovic-marko?lang=de","1","1","2026-07-04","2026-04-27","200","278844","0"
"https://docta.me/doctors/goran-mandic","3","1","2026-04-01","2026-04-01","200","144933","0"
"https://docta.me/doctors/marijan-popovic?lang=en","3","1","2026-07-08","2026-04-01","200","252296","0"
"https://docta.me/doctors/marko-stoiljkov","1","1","2026-07-20","2026-04-01","200","272840","0"
"https://docta.me/doctors/vladimir-todorovic?lang=en","2","1","2026-04-01","2026-04-01","200","126740","0"
"https://docta.me/doctors/petra-lakovic","2","1","2026-06-10","2026-04-01","200","251571","0"
"https://docta.me/doctors/nenad-stepic?lang=en","2","1","2026-07-18","2026-04-01","200","285270","0"
"https://docta.me/doctors/dragana-kastratovic","9","1","2026-07-23","2026-04-01","200","284289","0"
"https://docta.me/doctors/danilo-radunovic","3","1","2026-07-15","2026-04-01","200","263739","0"
"https://docta.me/doctors/srdjan-sretenovic","1","1","2026-04-01","2026-04-01","200","138975","0"
"https://docta.me/doctors/djukic-ivan","5","1","2026-07-17","2026-04-01","200","335448","0"
"https://docta.me/doctors/aleksandra-raznatovic","3","1","2026-06-15","2026-04-01","200","308580","0"
"https://docta.me/doctors/aleksandra-bozovic","1","1","2026-07-14","2026-04-01","200","300034","0"
"https://docta.me/doctors/582?lang=en","2","1","2026-01-25","2026-01-25","200","112381","0"
"https://docta.me/doctors/aleksandra-arandjelovic","1","1","2026-04-01","2026-04-01","200","165663","0"
"https://docta.me/doctors/oleg-lakovic?lang=en","2","1","2026-07-03","2026-04-01","200","252381","0"
"https://docta.me/doctors/tanja-boljevic","1","1","2026-04-01","2026-04-01","200","172441","0"
"https://docta.me/doctors/ersan-basovic?lang=en","3","1","2026-04-01","2026-04-01","200","143372","0"
"https://docta.me/doctors/ivana-bulatovic","1","1","2026-05-18","2026-05-20","200","279013","0"
"https://docta.me/doctors/sanja-borozan","6","1","2026-04-01","2026-04-01","200","142897","0"
"https://docta.me/doctors/milacic-bojan","2","1","2026-07-04","2026-04-01","200","278733","0"
"https://docta.me/doctors/alma-crnovrsanin?lang=en","4","1","2026-07-15","2026-04-01","200","315891","0"
"https://docta.me/doctors/milica-markovic-vlaisavljevic?lang=en","1","1","2026-04-01","2026-04-01","200","156184","0"
"https://docta.me/doctors/jelena-popovic?lang=en","1","1","2026-05-07","2026-05-07","200","232015","0"
"https://docta.me/doctors/sandra-vujovic","4","1","2026-04-01","2026-04-01","200","121988","0"
"https://docta.me/doctors/nina-milosevic-stojanovic","1","1","2026-07-20","2026-04-01","200","276226","0"
"https://docta.me/doctors/marjana-djordjevic","1","1","2026-04-01","2026-04-01","200","165576","0"
"https://docta.me/doctors/filip-pilipovic","10","1","2026-07-15","2026-04-01","200","254029","0"
"https://docta.me/doctors/lidija-mirkovic","1","1","2026-06-14","2026-04-01","200","262253","0"
"https://docta.me/doctors/milija-sukovic","2","1","2026-07-17","2026-04-25","200","449345","0"
"https://docta.me/doctors/nikola-delevic","5","1","2026-07-24","2026-04-01","200","287106","0"
"https://docta.me/doctors/amer-halilovic?lang=en","1","1","2026-04-01","2026-04-01","200","138131","0"
"https://docta.me/doctors/danko-zivkovic","2","1","2026-07-11","2026-04-01","200","296976","0"
"https://docta.me/doctors/snezana-vujosevic?lang=en","2","1","2026-04-22","2026-04-01","200","156690","0"
"https://docta.me/doctors/predrag-dabovic?lang=en","2","1","2026-06-25","2026-04-01","200","684575","0"
"https://docta.me/doctors/predrag-dabovic","2","1","2026-07-23","2026-04-01","200","681159","0"
"https://docta.me/doctors/bozovic-bjanka","2","1","2026-07-11","2026-04-01","200","283650","0"
"https://docta.me/doctors/vladimir-todorovic","9","1","2026-07-24","2026-04-01","200","273596","0"
"https://docta.me/doctors/dragica-milikic","3","1","2026-07-22","2026-04-01","200","286611","0"
"https://docta.me/doctors/amer-halilovic","4","1","2026-07-11","2026-04-01","200","269083","0"
"https://docta.me/doctors/zanka-djurisic?lang=en","1","1","2026-04-01","2026-04-01","200","133226","0"
"https://docta.me/doctors/tea-dakic","7","1","2026-07-09","2026-04-01","200","294089","0"
"https://docta.me/doctors/aleksandar-magdelinic","11","1","2026-07-19","2026-04-01","200","289348","0"
"https://docta.me/doctors/milena-dapcevic","2","1","2026-07-24","2026-04-01","200","298356","0"
"https://docta.me/doctors/tijana-brandmajer?lang=en","10","1","2026-06-24","2026-04-01","200","252300","0"
"https://docta.me/doctors/gogic-igor","1","1","2026-07-22","2026-04-01","200","297190","0"
"https://docta.me/doctors/irena-ljutica","1","1","2026-07-20","2026-04-01","200","263648","0"
"https://docta.me/doctors/milan-vujnovic?lang=en","1","1","2026-06-11","2026-04-01","200","254132","0"
"https://docta.me/doctors/vladimir-vuceljic","4","1","2026-07-27","2026-04-01","200","301353","0"
"https://docta.me/doctors/eri-zivka","2","1","2026-06-14","2026-04-01","200","265615","0"
"https://docta.me/doctors/muhedin-kadic","1","1","2026-07-24","2026-04-01","200","271324","0"
"https://docta.me/doctors/toma-nisavic","2","1","2026-07-22","2026-04-01","200","344512","0"
"https://docta.me/doctors/ljiljana-radulovic","9","1","2026-04-01","2026-04-01","200","122124","0"
"https://docta.me/doctors/almir-rebronja","4","1","2026-06-17","2026-04-01","200","252114","0"
"https://docta.me/doctors/aleksandar-simic","3","1","2026-07-25","2026-04-01","200","284911","0"
"https://docta.me/doctors/azra-begovic","1","1","2026-06-29","2026-04-01","200","254002","0"
"https://docta.me/doctors/damir-muhovic","5","1","2026-04-01","2026-04-01","200","202348","0"
"https://docta.me/doctors/ivana-micevic","5","1","2026-04-01","2026-04-01","200","122064","0"
"https://docta.me/doctors/milana-soc","6","1","2026-07-04","2026-04-01","200","253485","0"
"https://docta.me/doctors/joksovic-mirjana","4","1","2026-07-15","2026-04-01","200","283061","0"
"https://docta.me/doctors/zeljko-zecevic","3","1","2026-07-15","2026-04-01","200","287831","0"
"https://docta.me/doctors/popovic-ana","1","1","2026-07-05","2026-04-01","200","265771","0"
"https://docta.me/doctors/zorica-barac-otasevic?lang=en","4","1","2026-04-01","2026-04-01","200","153804","0"
"https://docta.me/doctors/rabrenovic-zorica","2","1","2026-07-15","2026-04-01","200","266072","0"
"https://docta.me/doctors/maja-radic","2","1","2026-04-01","2026-04-01","200","165312","0"
"https://docta.me/doctors/713","2","1","2025-11-26","2025-11-26","200","0","0"
"https://docta.me/doctors/dragan-nikolic","5","1","2026-06-14","2026-04-01","200","305210","0"
"https://docta.me/doctors/enzo-jose-rivera-citarella?lang=en","6","1","2026-04-01","2026-04-01","200","207227","0"
"https://docta.me/doctors/djordjije-saranovic","1","1","2026-07-11","2026-04-01","200","251041","0"
"https://docta.me/doctors/dragan-masulovic","2","1","2026-04-01","2026-04-01","200","165521","0"
"https://docta.me/doctors/grupkovic-saska","3","1","2026-06-21","2026-04-01","200","449344","0"
"https://docta.me/doctors/velimir-milosevic","5","1","2026-04-01","2026-04-01","200","229740","0"
"https://docta.me/doctors/maja-djurovic","4","1","2026-07-15","2026-04-01","200","252168","0"
"https://docta.me/doctors/tatijana-perunovic-jovanovic","5","1","2026-07-04","2026-04-01","200","252870","0"
"https://docta.me/doctors/jelena-knezevic","5","1","2026-04-01","2026-04-01","200","159071","0"
"https://docta.me/doctors/marina-djaletic?lang=en","1","1","2026-06-18","2026-04-01","200","277963","0"
"https://docta.me/doctors/aleksandar-filipovic","1","1","2026-04-01","2026-04-01","200","165642","0"
"https://docta.me/doctors/elena-arsova","2","1","2026-07-08","2026-04-01","200","265732","0"
"https://docta.me/doctors/radojicic-jelena?lang=en","5","1","2026-07-08","2026-04-01","200","338826","0"
"https://docta.me/doctors/milica-marovic","4","1","2026-07-15","2026-04-01","200","269982","0"
"https://docta.me/doctors/jovicevic-ognjen","6","1","2026-06-15","2026-04-01","200","397385","0"
"https://docta.me/doctors/ana-music?lang=en","1","1","2026-07-15","2026-04-30","200","279686","0"
"https://docta.me/doctors/marko-buta","4","1","2026-04-01","2026-04-01","200","131334","0"
"https://docta.me/doctors/svetlana-kocic","3","1","2026-06-25","2026-04-01","200","296000","0"
"https://docta.me/doctors/enisa-pupovic","2","1","2026-07-24","2026-04-01","200","284311","0"
"https://docta.me/doctors/ilija-stolic","3","1","2026-07-22","2026-04-01","200","324974","0"
"https://docta.me/doctors/biljana-stijovic","3","1","2026-04-01","2026-04-01","200","133270","0"
"https://docta.me/doctors/vesna-colakovic-popovic","4","1","2026-07-11","2026-04-01","200","384604","0"
"https://docta.me/doctors/zindovic-miljan?lang=en","2","1","2026-06-22","2026-04-01","200","314959","0"
"https://docta.me/doctors/miodrag-radunovic","3","1","2026-07-11","2026-04-01","200","252395","0"
"https://docta.me/doctors/marijan-popovic","3","1","2026-07-15","2026-04-01","200","252294","0"
"https://docta.me/doctors/maida-burdzovic?lang=en","2","1","2026-04-28","2026-05-09","200","176007","0"
"https://docta.me/doctors/jadranka-lakicevic","4","1","2026-07-22","2026-04-01","200","273696","0"
"https://docta.me/doctors/vukadinovic-snezana","4","1","2026-06-29","2026-04-01","200","311999","0"
"https://docta.me/doctors/djurovic-dragan?lang=en","3","1","2026-07-15","2026-04-01","200","295811","0"
"https://docta.me/doctors/janjic-vladimir","2","1","2026-07-25","2026-04-27","200","301612","0"
"https://docta.me/doctors/jevto-erakovic","4","1","2026-07-11","2026-04-01","200","286265","0"
"https://docta.me/doctors/asanin-zeljka","4","1","2026-07-04","2026-04-01","200","301503","0"
"https://docta.me/doctors/ersan-basovic","4","1","2026-07-23","2026-04-01","200","295815","0"
"https://docta.me/doctors/vesna-colakovic-popovic?lang=en","2","0","2026-04-01","2026-04-01","200","206003","0"
"https://docta.me/doctors/zupancic-marko","2","0","2026-04-01","2026-04-01","200","148242","0"
"https://docta.me/doctors/dragan-sorat?lang=en","0","0","2026-07-04","2026-07-06","200","271109","0"
"https://docta.me/doctors/borislav-kasikovic","0","0","2026-07-22","2026-07-22","200","290097","0"
"https://docta.me/doctors/enzo-jose-rivera-citarella","0","0","2026-04-01","2026-04-01","200","192406","0"
"https://docta.me/doctors/sonja-lalovic?lang=sr-cyrl","0","0","2026-07-27","2026-07-27","200","302707","0"
"https://docta.me/doctors/ivan-popovic","0","0","2026-04-01","2026-04-01","200","120673","0"
"https://docta.me/doctors/igor-lekovic","0","0","2026-07-22","2026-07-22","200","289764","0"
"https://docta.me/doctors/marija-djurovic","2","0","2026-07-05","2026-04-01","200","297750","0"
"https://docta.me/doctors/maja-mirocevic-rotolo","0","0","2026-04-14","2026-04-01","200","161982","0"
"https://docta.me/doctors/drasko-vukovic?lang=en","0","0","2026-07-24","2026-07-24","200","723925","0"
"https://docta.me/doctors/mensud-grbovic","2","0","2026-06-12","2026-06-12","200","278262","0"
"https://docta.me/doctors/lazar-davidovic?lang=en","0","0","2026-04-01","2026-04-01","200","156526","0"
"https://docta.me/doctors/anika-dajevic","0","0","2026-07-18","2026-07-19","200","347710","0"
"https://docta.me/doctors/dusan-babic","2","0","2026-05-07","2026-05-08","200","257925","0"
"https://docta.me/doctors/lazar-malesevic","0","0","2026-06-05","2026-06-06","200","588580","0"
"https://docta.me/doctors/radjenovic-gordana","0","0","2026-04-01","2026-04-01","200","121350","0"
"https://docta.me/doctors/janjic-vladimir?lang=en","0","0","2026-06-19","2026-06-19","200","281029","0"
"https://docta.me/doctors/dragana-dragas","1","0","2026-04-01","2026-04-01","200","145352","0"
"https://docta.me/doctors/392","2","0","2026-02-19","2025-11-26","200","124839","0"
"https://docta.me/doctors/bojana-mijatovic-pavlovic","1","0","2026-04-01","2026-04-01","200","129645","0"
"https://docta.me/doctors/gogic-danijel","1","0","2026-06-23","2026-04-01","200","284637","0"
"https://docta.me/doctors/sanja-raicevic?lang=de","0","0","2026-04-26","2026-04-26","200","182602","0"
"https://docta.me/doctors/tijana-vukovic","2","0","2026-04-01","2026-04-01","200","134992","0"
"https://docta.me/doctors/baris-erturk","3","0","2026-04-01","2026-04-01","200","142455","0"
"https://docta.me/doctors/ljiljana-cirkovic-natalic","0","0","2026-04-01","2026-04-01","200","185079","0"
"https://docta.me/doctors/milan-jovanovic?lang=en","0","0","2026-04-01","2026-04-01","200","146462","0"
"https://docta.me/doctors/vukovic-ivan?lang=en","0","0","2026-07-11","2026-04-01","200","265772","0"
"https://docta.me/doctors/denis-kalac","0","0","2026-07-22","2026-07-22","200","279570","0"
"https://docta.me/doctors/drasko-nikcevic","1","0","2026-06-13","2026-04-01","200","294038","0"
"https://docta.me/doctors/mirjana-jovicevic-kracunov?lang=en","0","0","2026-04-01","2026-04-01","200","146717","0"
"https://docta.me/doctors/jugoslav-gasic?lang=en","0","0","2026-07-16","2026-07-10","200","278921","0"
"https://docta.me/doctors/saric-dragan?lang=en","0","0","2026-05-01","2026-04-01","200","191539","0"
"https://docta.me/doctors/nenad-sorat","2","0","2026-04-01","2026-07-23","200","144271","0"
"https://docta.me/doctors/biljana-raicevic-fustar?lang=en","0","0","2026-05-11","2026-05-12","200","238250","0"
"https://docta.me/doctors/antipina-natalija","0","0","2026-04-01","2026-04-01","200","142125","0"
"https://docta.me/doctors/nasufovic-emil","0","0","2026-04-01","2026-04-01","200","145022","0"
"https://docta.me/doctors/bojana-ivanovic?lang=en","0","0","2026-04-01","2026-04-01","200","154896","0"
"https://docta.me/doctors/darko-nisavic","2","0","2026-04-01","2026-04-01","200","122042","0"
"https://docta.me/doctors/oto-adjic","0","0","2026-06-04","2026-04-01","200","291871","0"
"https://docta.me/doctors/zoran-tabas","0","0","2026-07-22","2026-07-22","200","276184","0"
"https://docta.me/doctors/djordje-radak","2","0","2026-04-26","2026-04-01","200","208232","0"
"https://docta.me/doctors/radomir-rakocevic","6","0","2026-05-12","2026-04-01","200","262922","0"
"https://docta.me/doctors/ivanovic-sjekloca-vesna?lang=en","0","0","2026-07-11","2026-04-01","200","387670","0"
"https://docta.me/doctors/zoran-terzic","4","0","2026-06-24","2026-04-01","200","283660","0"
"https://docta.me/doctors/lero-jelena","0","0","2026-07-15","2026-04-01","200","397703","0"
"https://docta.me/doctors/ana-music","1","0","2026-04-27","2026-04-27","200","192637","0"
"https://docta.me/doctors/radovic-nenad?lang=en","0","0","2026-05-28","2026-05-31","200","284896","0"
"https://docta.me/doctors/tamara-radoman?lang=en","0","0","2026-07-13","2026-07-15","200","291497","0"
"https://docta.me/doctors/olivera-djokic?lang=en","0","0","2026-05-08","2026-05-09","200","240995","0"
"https://docta.me/doctors/ivana-kalezic-vukovic","3","0","2026-04-01","2026-04-01","200","134889","0"
"https://docta.me/doctors/sergej-alpatov?lang=en","0","0","2026-04-01","2026-04-01","200","206483","0"
"https://docta.me/doctors/boris-dasic","2","0","2026-04-01","2026-04-01","200","122116","0"
"https://docta.me/doctors/asanin-ilija?lang=en","2","0","2026-04-02","2026-04-01","200","171381","0"
"https://docta.me/doctors/civkina-ekaterina","0","0","2026-04-01","2026-04-01","200","131588","0"
"https://docta.me/doctors/milica-radonjic","0","0","2026-07-22","2026-07-22","200","293808","0"
"https://docta.me/doctors/aleksandra-jankovic","0","0","2026-04-01","2026-04-01","200","165609","0"
"https://docta.me/doctors/dragana-zobic-majic","0","0","2026-07-11","2026-04-01","200","291439","0"
"https://docta.me/doctors/vladimir-vujovic","0","0","2026-04-01","2026-04-01","200","152565","0"
"https://docta.me/doctors/sabahudin-pupovic","1","0","2026-04-01","2026-04-01","200","141430","0"
"https://docta.me/doctors/snezana-vukovic?lang=ru","0","0","2026-05-15","2026-05-15","200","306972","0"
"https://docta.me/doctors/djuric-danilo","2","0","2026-04-04","2026-04-01","200","140893","0"
"https://docta.me/doctors/biljana-jakovljevic?lang=en","0","0","2026-07-13","2026-04-01","200","288432","0"
"https://docta.me/doctors/admir-hasic","0","0","2026-05-12","2026-05-12","200","285919","0"
"https://docta.me/doctors/koledin-bojan?lang=en","0","0","2026-05-11","2026-05-08","200","241233","0"
"https://docta.me/doctors/bulajic-predrag","4","0","2026-04-01","2026-04-01","200","216445","0"
"https://docta.me/doctors/dulovic-dragan","0","0","2026-04-01","2026-04-01","200","136344","0"
"https://docta.me/doctors/dragana-kalem-vujanovic","1","0","2026-07-13","2026-05-06","200","262857","0"
"https://docta.me/doctors/jelena-vucetic","0","0","2026-05-11","2026-05-12","200","270368","0"
"https://docta.me/doctors/jelena-knezevic?lang=en","0","0","2026-04-01","2026-04-01","200","162201","0"
"https://docta.me/doctors/tatjana-drozdova","0","0","2026-06-04","2026-04-01","200","288595","0"
"https://docta.me/doctors/sara-polimac","0","0","2026-04-01","2026-04-01","200","131458","0"
"https://docta.me/doctors/ivan-kecina?lang=tr","0","0","2026-07-11","2026-07-12","200","396578","0"
"https://docta.me/doctors/sergej-s-klimov","0","0","2026-07-16","2026-04-01","200","266214","0"
"https://docta.me/doctors/vojislav-mandic","0","0","2026-04-01","2026-04-01","200","173306","0"
"https://docta.me/doctors/snezana-vukovic","0","0","2026-05-12","2026-05-12","200","286124","0"
"https://docta.me/doctors/2?lang=en","0","0","2026-01-25","2026-01-25","200","121337","0"
"https://docta.me/doctors/milovan-kalezic","4","0","2026-05-07","2026-05-07","200","359457","0"
"https://docta.me/doctors/miroljub-todorovic?lang=en","0","0","2026-07-13","2026-07-14","200","575259","0"
"https://docta.me/doctors/ivanovic-sjekloca-vesna","2","0","2026-04-01","2026-04-01","200","218003","0"
"https://docta.me/doctors/marinko-janjusevic","0","0","2026-07-22","2026-07-22","200","290097","0"
"https://docta.me/doctors/marija-kustudic?lang=en","0","0","2026-07-04","2026-07-06","200","270023","0"
"https://docta.me/doctors/mile-golocevac","5","0","2026-07-23","2026-04-01","200","273576","0"
"https://docta.me/doctors/miroslav-radunovic?lang=en","1","0","2026-04-01","2026-04-01","200","133364","0"
"https://docta.me/doctors/miroslav-stanisljevic","0","0","2026-04-01","2026-04-01","200","123903","0"
"https://docta.me/doctors/jelena-terzic-miranovic","1","0","2026-04-01","2026-04-01","200","146222","0"
"https://docta.me/doctors/jelena-popovic","1","0","2026-04-30","2026-04-30","200","176282","0"
"https://docta.me/doctors/aleksandar-vujicic?lang=en","2","0","2026-04-01","2026-04-01","200","155883","0"
"https://docta.me/doctors/katarina-kalezic?lang=en","0","0","2026-04-01","2026-04-01","200","168876","0"
"https://docta.me/doctors/igor-jeremic","4","0","2026-04-01","2026-04-01","200","199394","0"
"https://docta.me/doctors/olga-kaludjerovic","3","0","2026-04-01","2026-04-01","200","126774","0"
"https://docta.me/doctors/jovan-kankaras","1","0","2026-07-22","2026-07-22","200","289868","0"
"https://docta.me/doctors/419?lang=en","0","0","2026-01-26","2026-01-26","200","110986","0"
"https://docta.me/doctors/mirko-terzic","0","0","2026-07-23","2026-07-24","200","274960","0"
"https://docta.me/doctors/mirjana-mitrovic","0","0","2026-05-17","2026-05-18","200","414162","0"
"https://docta.me/doctors/zajev-andrej","0","0","2026-07-08","2026-06-05","200","254238","0"
"https://docta.me/doctors/gordana-ristic-basovic","2","0","2026-04-01","2026-04-01","200","157937","0"
"https://docta.me/doctors/elvir-zvrko","2","0","2026-04-01","2026-04-01","200","133284","0"
"https://docta.me/doctors/krstajic-ljiljana","0","0","2026-04-01","2026-04-01","200","154323","0"
"https://docta.me/doctors/savo-maric","0","0","2026-05-18","2026-05-20","200","576460","0"
"https://docta.me/doctors/sladjana-radulovic","2","0","2026-05-26","2026-05-26","200","275104","0"
"https://docta.me/doctors/nikolina-majstorovic-milovic","0","0","2026-07-13","2026-05-07","200","285776","0"
"https://docta.me/doctors/ana-stamatovic-jovanovic","0","0","2026-04-01","2026-04-01","200","148198","0"
"https://docta.me/doctors/davidovic-sofija?lang=en","0","0","2026-07-03","2026-07-03","200","267337","0"
"https://docta.me/doctors/vesna-jovanovic","0","0","2026-07-22","2026-07-22","200","293808","0"
"https://docta.me/doctors/malisic-korac-marija?lang=en","2","0","2026-04-01","2026-04-01","200","137322","0"
"https://docta.me/doctors/ognjen-orlandic","0","0","2026-05-07","2026-05-07","200","233109","0"
"https://docta.me/doctors/katarina-kalezic","0","0","2026-04-01","2026-04-01","200","166158","0"
"https://docta.me/doctors/predrag-milosevic","0","0","2026-07-24","2026-07-12","200","887691","0"
"https://docta.me/doctors/boris-djurovic","3","0","2026-04-01","2026-04-01","200","176285","0"
"https://docta.me/doctors/jelena-rutesic","0","0","2026-06-12","2026-04-25","200","456023","0"
"https://docta.me/doctors/nena-milacic","1","0","2026-07-11","2026-04-01","200","314525","0"
"https://docta.me/doctors/milos-krulanovic","0","0","2026-07-22","2026-07-22","200","500630","0"
"https://docta.me/doctors/dzuver-tatjana","2","0","2026-04-01","2026-04-01","200","169487","0"
"https://docta.me/doctors/brnovic-zana","0","0","2026-07-17","2026-04-01","200","265731","0"
"https://docta.me/doctors/sanja-cejovic","4","0","2026-07-22","2026-04-01","200","301037","0"
"https://docta.me/doctors/dusko-markovic?lang=en","0","0","2026-07-11","2026-05-26","200","265692","0"
"https://docta.me/doctors/miskulin-mladen","3","0","2026-07-19","2026-04-01","200","299364","0"
"https://docta.me/doctors/vlatko-raicevic","0","0","2026-07-22","2026-07-22","200","501090","0"
"https://docta.me/doctors/celebic-aleksandar","0","0","2026-04-01","2026-04-01","200","136462","0"
"https://docta.me/doctors/otasevic-petar","2","0","2026-04-01","2026-04-01","200","162299","0"
"https://docta.me/doctors/rada-sparavalo","0","0","2026-07-22","2026-07-22","200","307943","0"
"https://docta.me/doctors/sinisa-glumicic","2","0","2026-04-27","2026-04-27","200","232666","0"
"https://docta.me/doctors/ivanovic-jelena","0","0","2026-07-17","2026-04-01","200","465580","0"
"https://docta.me/doctors/mujevic-kurgas-hadija","0","0","2026-07-13","2026-04-01","200","261536","0"
"https://docta.me/doctors/zeljka-stevovic?lang=en","4","0","2026-04-01","2026-04-01","200","162209","0"
"https://docta.me/doctors/ivan-joksimovic","0","0","2026-04-01","2026-04-01","200","122107","0"
"https://docta.me/doctors/ilic-ivan","0","0","2026-04-01","2026-04-01","200","224331","0"
"https://docta.me/doctors/popovic-milena","1","0","2026-04-01","2026-04-01","200","159955","0"
"https://docta.me/doctors/ranko-lazovic","0","0","2026-04-01","2026-04-01","200","150276","0"
"https://docta.me/doctors/ankica-ivanovic","0","0","2026-04-01","2026-04-01","200","125099","0"
"https://docta.me/doctors/vojislav-parezanovic?lang=en","1","0","2026-04-01","2026-04-01","200","124562","0"
"https://docta.me/doctors/rusovic-sinisa?lang=en","0","0","2026-07-08","2026-07-08","200","267350","0"
"https://docta.me/doctors/lalic-jelena","0","0","2026-04-01","2026-04-01","200","136378","0"
"https://docta.me/doctors/janjic-vladimir?lang=de","0","0","2026-04-30","2026-04-30","200","193534","0"
"https://docta.me/doctors/nevenka-lukovac-janjic","2","0","2026-04-01","2026-04-01","200","135093","0"
"https://docta.me/doctors/snezana-rakic","0","0","2026-04-10","2026-04-01","200","169893","0"
"https://docta.me/doctors/dugalic-predrag","4","0","2026-04-01","2026-04-01","200","158955","0"
"https://docta.me/doctors/tamara-pejakovic","0","0","2026-04-01","2026-04-01","200","122150","0"
"https://docta.me/doctors/milica-dekleva-manojlovic?lang=en","1","0","2026-04-01","2026-04-01","200","121549","0"
"https://docta.me/doctors/milovan-roganovic","2","0","2026-04-06","2026-04-08","200","156434","0"
"https://docta.me/doctors/zeljka-ralevic","1","0","2026-04-01","2026-04-01","200","146588","0"
"https://docta.me/doctors/sanja-raicevic","0","0","2026-04-01","2026-04-01","200","137364","0"
"https://docta.me/doctors/pero-mitrovic","0","0","2026-07-22","2026-07-22","200","635647","0"
"https://docta.me/doctors/milca-cicovic","0","0","2026-07-22","2026-07-22","200","289816","0"
"https://docta.me/doctors/irena-radoman-vujacic","0","0","2026-04-01","2026-04-01","200","146260","0"
"https://docta.me/doctors/nikolina-majstorovic-milovic?lang=de","0","0","2026-06-15","2026-06-16","200","287652","0"
"https://docta.me/doctors/nisavic-toma","3","0","2026-04-01","2026-04-01","200","138295","0"
"https://docta.me/doctors/soc-maja","0","0","2026-04-01","2026-04-01","200","136303","0"
"https://docta.me/doctors/nikola-musura","0","0","2026-07-27","2026-07-27","200","340170","0"
"https://docta.me/doctors/asanin-ilija","1","0","2026-04-01","2026-04-01","200","162832","0"
"https://docta.me/doctors/vesna-ivancevic","0","0","2026-07-23","2026-04-01","200","273524","0"
"https://docta.me/doctors/nena-radojicic-mitrovic?lang=en","0","0","2026-04-01","2026-04-01","200","129853","0"
"https://docta.me/doctors/tatjana-scepanovic","0","0","2026-07-03","2026-05-12","200","301972","0"
"https://docta.me/doctors/milena-rakovic","0","0","2026-07-22","2026-07-24","200","276532","0"
"https://docta.me/doctors/sanja-lekic","0","0","2026-04-01","2026-04-01","200","153756","0"
"https://docta.me/doctors/vanja-matanovic","1","0","2026-04-25","2026-04-25","200","173765","0"
"https://docta.me/doctors/428","0","0","2025-11-26","2025-11-26","200","73371","0"
"https://docta.me/doctors/zeljko-cicmil","0","0","2026-06-08","2026-04-01","200","275023","0"
"https://docta.me/doctors/andrea-radulovic?lang=en","0","0","2026-04-01","2026-04-01","200","120968","0"
"https://docta.me/doctors/homjakova-tatjana?lang=en","1","0","2026-04-01","2026-04-01","200","139940","0"
"https://docta.me/doctors/scepanovic-ljiljana","1","0","2026-04-01","2026-04-01","200","147221","0"
"https://docta.me/doctors/mirjana-pejovic?lang=en","4","0","2026-04-01","2026-04-01","200","125247","0"
"https://docta.me/doctors/mitrovic-ljubinka","1","0","2026-04-01","2026-04-01","200","136500","0"
"https://docta.me/doctors/milica-vusurovic?lang=en","1","0","2026-04-01","2026-04-01","200","147798","0"
"https://docta.me/doctors/adzic-milena","3","0","2026-04-01","2026-04-01","200","189930","0"
"https://docta.me/doctors/natasa-bozovic","0","0","2026-07-21","2026-07-21","200","270897","0"
"https://docta.me/doctors/danijela-kovac?lang=en","0","0","2026-04-01","2026-04-01","200","122299","0"
"https://docta.me/doctors/dragana-bogdanovic-stojanovic?lang=en","4","0","2026-04-01","2026-04-01","200","170697","0"
"https://docta.me/doctors/dragan-vasic","4","0","2026-04-01","2026-04-01","200","140659","0"
"https://docta.me/doctors/popovic-ana?lang=en","1","0","2026-04-01","2026-04-01","200","0","0"
"https://docta.me/doctors/petar-popovic","0","0","2026-06-04","2026-06-04","200","283916","0"
"https://docta.me/doctors/marija-kolinovic?lang=en","0","0","2026-07-11","2026-06-09","200","262809","0"
"https://docta.me/doctors/jovovic-ana?lang=en","0","0","2026-07-15","2026-04-01","200","311125","0"
"https://docta.me/doctors/andrija-vujovic","0","0","2026-07-22","2026-07-22","200","289920","0"
"https://docta.me/doctors/srdjan-dedic","0","0","2026-04-01","2026-04-01","200","0","0"
"https://docta.me/doctors/milan-vujnovic","2","0","2026-04-01","2026-04-01","200","125066","0"
"https://docta.me/doctors/milan-bogojevic","0","0","2026-06-12","2026-04-01","200","252262","0"
"https://docta.me/doctors/dejan-bajovic","0","0","2026-07-22","2026-07-22","200","821663","0"
"https://docta.me/doctors/blecic-milosava","0","0","2026-04-01","2026-04-01","200","136427","0"
"https://docta.me/doctors/nikola-dimitrijevic?lang=en","1","0","2026-04-01","2026-04-01","200","124515","0"
"https://docta.me/doctors/olivera-djokic","1","0","2026-04-01","2026-04-01","200","139265","0"
"https://docta.me/doctors/lidija-vasiljevic?lang=en","0","0","2026-04-01","2026-04-01","200","131699","0"
"https://docta.me/doctors/bojovic-svetlana?lang=ru","0","0","2026-07-16","2026-06-21","200","267725","0"
"https://docta.me/doctors/pratljacic-dragan","2","0","2026-04-01","2026-04-01","200","189413","0"
"https://docta.me/doctors/medenica-milic","1","0","2026-04-01","2026-04-01","200","154909","0"
"https://docta.me/doctors/zonjic-pavle","3","0","2026-04-01","2026-04-01","200","147043","0"
"https://docta.me/doctors/stanovic-darko?lang=en","0","0","2026-04-01","2026-04-01","200","180693","0"
"https://docta.me/doctors/ana-stankovic","0","0","2026-04-01","2026-04-01","200","155490","0"
"https://docta.me/doctors/sabardina-olga","0","0","2026-04-01","2026-04-01","200","181862","0"
"https://docta.me/doctors/ivan-nosov","0","0","2026-04-01","2026-04-01","200","124547","0"
"https://docta.me/doctors/marina-ratkovic","3","0","2026-04-01","2026-04-01","200","139639","0"
"https://docta.me/doctors/andja-bulajic-vukovic","1","0","2026-07-11","2026-04-01","200","266074","0"
"https://docta.me/doctors/tamara-jevsnik","1","0","2026-05-13","2026-05-13","200","456707","0"
"https://docta.me/doctors/srdjan-medan","0","0","2026-04-01","2026-04-01","200","173867","0"
"https://docta.me/doctors/natasa-goranovic","0","0","2026-04-01","2026-04-01","200","0","0"
"https://docta.me/doctors/filipovic-aleksandar","0","0","2026-04-01","2026-04-01","200","205590","0"
"https://docta.me/doctors/kriscanovic-dmitrij","0","0","2026-04-01","2026-04-01","200","126719","0"
"https://docta.me/doctors/bojana-suko","0","0","2026-05-24","2026-05-25","200","369687","0"
"https://docta.me/doctors/aleksandra-jankovic?lang=en","0","0","2026-04-01","2026-04-01","200","165638","0"
"https://docta.me/doctors/mirjana-pejovic","1","0","2026-07-24","2026-06-16","200","277329","0"
"https://docta.me/doctors/ankica-ivanovic?lang=en","0","0","2026-04-01","2026-04-01","200","125278","0"
"https://docta.me/doctors/mirjana-jovicevic-kracunov","1","0","2026-04-01","2026-04-01","200","146630","0"
"https://docta.me/doctors/pasalic-adi","0","0","2026-04-01","2026-04-01","200","144378","0"
"https://docta.me/doctors/dragana-kastratovic?lang=en","3","0","2026-04-01","2026-04-01","200","131729","0"
"https://docta.me/doctors/marko-mitrovic-orl","0","0","2026-07-22","2026-07-22","200","550823","0"
"https://docta.me/doctors/mikulic-andrija","0","0","2026-04-01","2026-04-01","200","136334","0"
"https://docta.me/doctors/borka-miljkovic?lang=en","0","0","2026-07-15","2026-07-12","200","295315","0"
"https://docta.me/doctors/predrag-pesko","0","0","2026-04-01","2026-04-01","200","151293","0"
"https://docta.me/doctors/zanka-cerovic?lang=de","0","0","2026-05-25","2026-05-25","200","292607","0"
"https://docta.me/doctors/sasa-novovic","0","0","2026-07-22","2026-07-22","200","279866","0"
"https://docta.me/doctors/aleksandar-vidic?lang=en","0","0","2026-07-11","2026-07-12","200","329114","0"
"https://docta.me/doctors/nenad-sorat?lang=en","1","0","2026-04-01","2026-04-01","200","147180","0"
"https://docta.me/doctors/dusan-perovic?lang=en","0","0","2026-07-19","2026-04-01","200","272645","0"
"https://docta.me/doctors/elmasa-kapetanovic","0","0","2026-05-12","2026-05-12","200","244182","0"
"https://docta.me/doctors/stjepcevic-jasna","0","0","2026-04-01","2026-04-01","200","132088","0"
"https://docta.me/doctors/lazovic-zeljko?lang=en","1","0","2026-04-01","2026-04-01","200","211613","0"
"https://docta.me/doctors/nada-radevic","0","0","2026-07-22","2026-07-22","200","279610","0"
"https://docta.me/doctors/gacevic-ivona?lang=en","1","0","2026-05-08","2026-04-01","200","272912","0"
"https://docta.me/doctors/aleksandar-vujicic","2","0","2026-04-01","2026-04-01","200","155085","0"
"https://docta.me/doctors/nikola-cvijovic","3","0","2026-04-04","2026-07-24","200","127641","0"
"https://docta.me/doctors/dapcevic-rajna?lang=en","0","0","2026-04-01","2026-04-01","200","132069","0"
"https://docta.me/doctors/djurisic-borislav-miso?lang=en","0","0","2026-07-15","2026-04-01","200","262050","0"
"https://docta.me/doctors/jasna-mijanovic","0","0","2026-04-01","2026-04-01","200","133039","0"
"https://docta.me/doctors/ivana-micevic?lang=en","3","0","2026-04-01","2026-04-01","200","122168","0"
"https://docta.me/doctors/vladimir-jovanovic?lang=en","0","0","2026-04-01","2026-04-01","200","176138","0"
"https://docta.me/doctors/431","0","0","2025-12-03","2025-12-03","200","73375","0"
"https://docta.me/doctors/dragana-bjelica","0","0","2026-07-27","2026-07-27","200","346314","0"
"https://docta.me/doctors/77","0","0","2026-02-22","2026-02-22","200","136593","0"
"https://docta.me/doctors/filip-sukovic?lang=tr","0","0","2026-05-10","2026-05-10","200","423694","0"
"https://docta.me/doctors/sonja-lalovic?lang=de","0","0","2026-07-27","2026-07-27","200","288462","0"
"https://docta.me/doctors/tea-dakic?lang=en","3","0","2026-05-24","2026-05-24","200","290424","0"
"https://docta.me/doctors/matija-kosic?lang=en","0","0","2026-07-17","2026-07-18","200","289450","0"
"https://docta.me/doctors/ana-penda?lang=en","0","0","2026-04-01","2026-04-01","200","158228","0"
"https://docta.me/doctors/svjetlana-raicevic","0","0","2026-06-23","2026-04-01","200","266042","0"
"https://docta.me/doctors/ivanovic-milos","3","0","2026-04-01","2026-04-01","200","220322","0"
"https://docta.me/doctors/marina-neric-kozarev","0","0","2026-04-01","2026-04-01","200","125023","0"
"https://docta.me/doctors/vesna-dujovic","0","0","2026-07-22","2026-07-22","200","277013","0"
"https://docta.me/doctors/biljana-popovic?lang=en","3","0","2026-04-01","2026-04-01","200","131677","0"
"https://docta.me/doctors/972","0","0","2026-01-26","2026-01-26","200","104474","0"
"https://docta.me/doctors/biljana-raicevic-fustar","1","0","2026-04-01","2026-04-01","200","133138","0"
"https://docta.me/doctors/dragica-gudelj-brezovik","0","0","2026-07-22","2026-07-22","200","275591","0"
"https://docta.me/doctors/milena-dapcevic?lang=tr","0","0","2026-04-01","2026-04-01","200","143072","0"
"https://docta.me/doctors/marica-novosel","0","0","2026-07-21","2026-07-21","200","270974","0"
"https://docta.me/doctors/milos-stanojevic","0","0","2026-04-01","2026-04-01","200","146039","0"
"https://docta.me/doctors/dragana-bogdanovic-stojanovic","7","0","2026-07-08","2026-04-01","200","308369","0"
"https://docta.me/doctors/vojislav-vucetic?lang=en","0","0","2026-04-01","2026-04-01","200","130442","0"
"https://docta.me/doctors/stefan-milivojevic?lang=en","1","0","2026-04-01","2026-04-01","200","0","0"
"https://docta.me/doctors/maida-medjedovic","0","0","2026-06-23","2026-04-01","200","282992","0"
"https://docta.me/doctors/vorobjeva-ljudmila","0","0","2026-04-01","2026-04-01","200","150132","0"
"https://docta.me/doctors/bohac-maja","0","0","2026-07-11","2026-04-01","200","262047","0"
"https://docta.me/doctors/natasa-vukotic-djuricanin?lang=en","0","0","2026-07-04","2026-06-25","200","374696","0"
"https://docta.me/doctors/ivanovic-suzana","1","0","2026-04-01","2026-04-01","200","155622","0"
"https://docta.me/doctors/emil-nasufovic","4","0","2026-05-15","2026-04-01","200","307433","0"
"https://docta.me/doctors/aleksandra-mrnjacevic","0","0","2026-07-19","2026-05-10","200","275445","0"
"https://docta.me/doctors/ivana-boskovic?lang=en","0","0","2026-06-16","2026-06-18","200","255973","0"
"https://docta.me/doctors/bojan-koprivica","1","0","2026-05-27","2026-04-01","200","248879","0"
"https://docta.me/doctors/vanja-matanovic?lang=en","0","0","2026-04-27","2026-04-27","200","340574","0"
"https://docta.me/doctors/aleksandar-zlajic?lang=en","0","0","2026-06-20","2026-06-21","200","259144","0"
"https://docta.me/doctors/maja-djurovic?lang=sr-cyrl","0","0","2026-04-09","2026-04-09","200","141442","0"
"https://docta.me/doctors/anna-simacheva","0","0","2026-07-11","2026-05-12","200","283996","0"
"https://docta.me/doctors/zilha-idrizovic?lang=en","3","0","2026-04-01","2026-04-01","200","124012","0"
"https://docta.me/doctors/djurisic-borislav-miso","0","0","2026-07-13","2026-04-01","200","262098","0"
"https://docta.me/doctors/ivana-cicovic","0","0","2026-07-22","2026-07-22","200","293704","0"
"https://docta.me/doctors/jelena-medojevic","0","0","2026-04-02","2026-04-01","200","125749","0"
"https://docta.me/doctors/alma-bajramspahic","0","0","2026-05-12","2026-05-12","200","258042","0"
"https://docta.me/doctors/ruzica-maksimovic","1","0","2026-04-01","2026-04-01","200","144537","0"
"https://docta.me/doctors/530?lang=en","0","0","2026-02-18","2026-02-26","200","119620","0"
"https://docta.me/doctors/pravilovic-lutovac-dragana","2","0","2026-07-13","2026-04-01","200","312765","0"
"https://docta.me/doctors/mitar-radulovic","1","0","2026-04-01","2026-04-01","200","131386","0"
"https://docta.me/doctors/jovanovic-maja","0","0","2026-04-01","2026-04-01","200","158015","0"
"https://docta.me/doctors/dragana-ognjenovic-nikcevic","2","0","2026-04-01","2026-04-01","200","150831","0"
"https://docta.me/doctors/danijela-djurovic-raonic","1","0","2026-04-01","2026-04-01","200","122681","0"
"https://docta.me/doctors/aleksandar-kujovic","5","0","2026-04-01","2026-04-01","200","178883","0"
"https://docta.me/doctors/jakup-katana","0","0","2026-06-25","2026-04-01","200","407798","0"
"https://docta.me/doctors/nebojsa-crnogorac","1","0","2026-07-15","2026-04-01","200","345105","0"
"https://docta.me/doctors/kojovic-vladimir","0","0","2026-04-01","2026-04-01","200","136415","0"
"https://docta.me/doctors/marija-erakovic","4","0","2026-05-09","2026-04-01","200","271338","0"
"https://docta.me/doctors/sasa-grbovic","0","0","2026-07-21","2026-07-21","200","270924","0"
"https://docta.me/doctors/irena-ljutica?lang=en","0","0","2026-06-19","2026-06-19","200","253535","0"
"https://docta.me/doctors/zarko-dasic","2","0","2026-07-13","2026-04-01","200","316617","0"
"https://docta.me/doctors/zubenko-aleksandar","0","0","2026-04-01","2026-04-01","200","145865","0"
"https://docta.me/doctors/milos-gacevic","1","0","2026-04-01","2026-04-01","200","149873","0"
"https://docta.me/doctors/koncarevic-mateja?lang=en","0","0","2026-04-01","2026-04-01","200","132517","0"
"https://docta.me/doctors/ivo-ivanovic","0","0","2026-07-10","2026-07-13","200","598623","0"
"https://docta.me/doctors/stankovic-borisav","0","0","2026-05-12","2026-04-01","200","251552","0"
"https://docta.me/doctors/koncarevic-mateja","0","0","2026-07-12","2026-04-01","200","262332","0"
"https://docta.me/doctors/srecko-budi","0","0","2026-05-03","2026-05-04","200","254286","0"
"https://docta.me/doctors/mira-obradovic","0","0","2026-04-01","2026-04-01","200","144352","0"
"https://docta.me/doctors/dubravka-radonjic?lang=en","7","0","2026-04-01","2026-04-01","200","215408","0"
"https://docta.me/doctors/tatjana-nesterova?lang=en","1","0","2026-04-01","2026-04-01","200","135746","0"
"https://docta.me/doctors/dragan-tavciovski","3","0","2026-06-23","2026-04-01","200","263212","0"
"https://docta.me/doctors/biljana-jovovic-pepic?lang=en","0","0","2026-07-26","2026-07-26","200","380871","0"
"https://docta.me/doctors/roganovic-vasko?lang=en","0","0","2026-04-01","2026-04-01","200","126687","0"
"https://docta.me/doctors/mirovic-milos?lang=en","1","0","2026-04-01","2026-04-01","200","188288","0"
"https://docta.me/doctors/dragana-kecojevic","0","0","2026-07-22","2026-07-22","200","313073","0"
"https://docta.me/doctors/bojana-miljic","0","0","2026-04-01","2026-04-01","200","131382","0"
"https://docta.me/doctors/milos-malidzan","0","0","2026-07-22","2026-07-22","200","598737","0"
"https://docta.me/doctors/zlatana-perovic","0","0","2026-07-22","2026-07-22","200","311905","0"
"https://docta.me/doctors/markus-branko","1","0","2026-04-01","2026-04-01","200","136332","0"
"https://docta.me/doctors/709","0","0","2026-03-17","2025-11-26","200","112140","0"
"https://docta.me/doctors/marjana-djordjevic?lang=en","1","0","2026-04-01","2026-04-01","200","165605","0"
"https://docta.me/doctors/ilija-nikcevic","0","0","2026-07-22","2026-07-22","200","598737","0"
"https://docta.me/doctors/marko-albijanic","1","0","2026-04-01","2026-04-01","200","188562","0"
"https://docta.me/doctors/marija-mijuskovic","0","0","2026-07-22","2026-07-22","200","293933","0"
"https://docta.me/doctors/branimir-brano-vlahovic?lang=en","0","0","2026-04-04","2026-04-01","200","169271","0"
"https://docta.me/doctors/natasa-vlahovic?lang=en","0","0","2026-04-01","2026-04-01","200","128281","0"
"https://docta.me/doctors/milutin-radulovic","0","0","2026-07-22","2026-07-22","200","598872","0"
"https://docta.me/doctors/iva-tomasevic","0","0","2026-04-01","2026-04-01","200","120759","0"
"https://docta.me/doctors/bojovic-svetlana?lang=en","0","0","2026-04-04","2026-04-01","200","136751","0"
"https://docta.me/doctors/nikoleta-musura-vujovic","0","0","2026-07-27","2026-07-27","200","328740","0"
"https://docta.me/doctors/natasa-vukotic-djuricanin","4","0","2026-04-01","2026-04-01","200","231522","0"
"https://docta.me/doctors/alpatova-svetlana","0","0","2026-04-01","2026-04-01","200","135679","0"
"https://docta.me/doctors/maja-djurovic?lang=ru","0","0","2026-07-25","2026-04-09","200","278761","0"
"https://docta.me/doctors/mihail-rizov","0","0","2026-07-09","2026-07-09","200","291979","0"
"https://docta.me/doctors/682","0","0","2025-11-25","2025-11-25","200","67762","0"
"https://docta.me/doctors/milos-simonovic?lang=en","0","0","2026-04-01","2026-04-01","200","134181","0"
"https://docta.me/doctors/ismet-nurkovic","0","0","2026-07-22","2026-07-22","200","279726","0"
"https://docta.me/doctors/biljana-milojko-scepovic","2","0","2026-04-18","2026-04-18","200","290635","0"
"https://docta.me/doctors/rusovic-sinisa","0","0","2026-07-12","2026-06-09","200","265962","0"
"https://docta.me/doctors/dubravka-radonjic","7","0","2026-04-01","2026-04-01","200","205341","0"
"https://docta.me/doctors/boro-perovic","0","0","2026-07-22","2026-07-22","200","311749","0"
"https://docta.me/doctors/gacevic-ivona","0","0","2026-04-11","2026-04-01","200","175615","0"
"https://docta.me/doctors/adzic-milena?lang=en","1","0","2026-05-13","2026-05-13","200","419786","0"
"https://docta.me/doctors/vanja-banicevic?lang=en","1","0","2026-04-01","2026-04-01","200","165201","0"
"https://docta.me/doctors/zeljko-kaludjerovic","0","0","2026-07-22","2026-07-22","200","290153","0"
"https://docta.me/doctors/marija-barjaktarovic","0","0","2026-07-22","2026-07-22","200","501329","0"
"https://docta.me/doctors/branka-samardzija-jovanovic","0","0","2026-04-01","2026-04-01","200","129232","0"
"https://docta.me/doctors/jelena-potpara","0","0","2026-07-27","2026-07-27","200","336885","0"
"https://docta.me/doctors/djordje-radak?lang=en","0","0","2026-07-15","2026-05-06","200","295927","0"
"https://docta.me/doctors/berin-buntic","0","0","2026-07-09","2026-04-01","200","369621","0"
"https://docta.me/doctors/maja-djurovic?lang=de","1","0","2026-04-09","2026-04-09","200","133184","0"
"https://docta.me/doctors/lazovic-zeljko","1","0","2026-07-13","2026-04-01","200","589661","0"
"https://docta.me/doctors/mikulic-andrija?lang=en","0","0","2026-04-01","2026-04-01","200","136403","0"
"https://docta.me/doctors/andrija-mikulic","0","0","2026-07-19","2026-04-01","200","341844","0"
"https://docta.me/doctors/amer-halilovic?lang=ru","0","0","2026-06-26","2026-06-26","200","273391","0"
"https://docta.me/doctors/stankovic-borisav?lang=en","0","0","2026-04-01","2026-04-01","200","138368","0"
"https://docta.me/doctors/zubenko-aleksandar?lang=en","0","0","2026-04-01","2026-04-01","200","150358","0"
"https://docta.me/doctors/dusan-perovic","0","0","2026-04-01","2026-04-01","200","131527","0"
"https://docta.me/doctors/698","1","0","2025-11-26","2025-11-26","200","71516","0"
"https://docta.me/doctors/alisa-mekic","0","0","2026-04-01","2026-04-01","200","142783","0"
"https://docta.me/doctors/jovanovic-tijana","0","0","2026-07-15","2026-04-01","200","268849","0"
"https://docta.me/doctors/borka-miljkovic?lang=tr","0","0","2026-07-06","2026-07-06","200","296675","0"
"https://docta.me/doctors/milena-dapcevic?lang=en","4","0","2026-04-01","2026-04-01","200","142823","0"
"https://docta.me/doctors/nadja-boskovic?lang=en","0","0","2026-05-14","2026-05-14","200","298199","0"
"https://docta.me/doctors/sonja-kovacevic","0","0","2026-07-16","2026-07-18","200","301383","0"
"https://docta.me/doctors/branka-supic","0","0","2026-07-22","2026-07-22","200","312834","0"
"https://docta.me/doctors/dilinov-dmitrii","1","0","2026-04-01","2026-04-01","200","146724","0"
"https://docta.me/doctors/aleksandra-dudvarski-ilic?lang=en","5","0","2026-07-15","2026-04-01","200","266099","0"
"https://docta.me/doctors/dragana-kalem-vujanovic?lang=en","0","0","2026-07-10","2026-07-08","200","264236","0"
"https://docta.me/doctors/raicevic-maja?lang=en","1","0","2026-04-01","2026-04-01","200","174645","0"
"https://docta.me/doctors/veselinka-lola-djurisic","0","0","2026-05-26","2026-04-01","200","273039","0"
"https://docta.me/doctors/jelena-terzic-miranovic?lang=en","0","0","2026-04-01","2026-04-01","200","150023","0"
"https://docta.me/doctors/milan-popivoda?lang=de","0","0","2026-07-19","2026-05-02","200","305964","0"
"https://docta.me/doctors/sanja-cejovic?lang=en","0","0","2026-07-13","2026-07-15","200","279436","0"
"https://docta.me/doctors/filipovic-aleksandar?lang=en","0","0","2026-05-07","2026-04-01","200","328911","0"
"https://docta.me/doctors/vladimir-filipovic","0","0","2026-04-01","2026-04-01","200","122443","0"
"https://docta.me/doctors/marijana-karisik","0","0","2026-04-01","2026-04-01","200","142716","0"
"https://docta.me/doctors/zeljka-stevovic","3","0","2026-07-11","2026-04-01","200","303802","0"
"https://docta.me/doctors/vladislav-vukomanovic?lang=en","0","0","2026-04-01","2026-04-01","200","133774","0"
"https://docta.me/doctors/pravilovic-lutovac-dragana?lang=en","0","0","2026-04-01","2026-04-01","200","180409","0"
"https://docta.me/doctors/vojislav-miketic","0","0","2026-05-02","2026-04-01","200","176503","0"
"https://docta.me/doctors/biljana-georgievski-brkic","1","0","2026-07-11","2026-04-01","200","296532","0"
"https://docta.me/doctors/djordjije-saranovic?lang=en","0","0","2026-05-09","2026-04-01","200","226563","0"
"https://docta.me/doctors/kalezic-esad","0","0","2026-04-01","2026-04-01","200","218575","0"
"https://docta.me/doctors/aleksandar-kujovic?lang=en","4","0","2026-07-11","2026-04-01","200","327527","0"
"https://docta.me/doctors/vojislav-mandic?lang=en","0","0","2026-07-18","2026-05-09","200","318371","0"
"https://docta.me/doctors/milica-dekleva-manojlovic","0","0","2026-07-13","2026-04-01","200","251710","0"
"https://docta.me/doctors/aleksandar-popovic?lang=en","1","0","2026-04-01","2026-04-01","200","122235","0"
"https://docta.me/doctors/dejan-kojic","3","0","2026-04-10","2026-04-01","200","155760","0"
"https://docta.me/doctors/latkovic-danijela","0","0","2026-04-01","2026-04-01","200","342738","0"
"https://docta.me/doctors/maja-djurovic?lang=en","0","0","2026-07-23","2026-04-01","200","273375","0"
"https://docta.me/doctors/barovic-dzankic-dubravka","1","0","2026-04-01","2026-04-01","200","223844","0"
"https://docta.me/doctors/miljenjka-tamara","0","0","2026-04-01","2026-04-01","200","183053","0"
"https://docta.me/doctors/milica-gazivoda?lang=en","0","0","2026-07-04","2026-07-05","200","253929","0"
"https://docta.me/doctors/zdravkovic-rajko?lang=en","0","0","2026-04-01","2026-04-01","200","123728","0"
"https://docta.me/doctors/sosnovska-tatjana","3","0","2026-04-01","2026-04-01","200","147360","0"
"https://docta.me/doctors/zdravko-filipovic?lang=en","0","0","2026-04-01","2026-04-01","200","131688","0"
"https://docta.me/doctors/sanja-raicevic?lang=tr","0","0","2026-04-23","2026-04-25","200","173209","0"
"https://docta.me/doctors/ivana-bojic-kontreras?lang=en","0","0","2026-07-18","2026-07-19","200","261314","0"
"https://docta.me/doctors/radojicic-jelena?lang=ru","0","0","2026-06-16","2026-06-16","200","348526","0"
"https://docta.me/doctors/zeljko-mijuskovic","2","0","2026-05-09","2026-04-01","200","272348","0"
"https://docta.me/doctors/filip-sukovic","0","0","2026-04-25","2026-04-25","200","338639","0"
"https://docta.me/doctors/julija-rasovic?lang=en","0","0","2026-06-10","2026-06-10","200","257491","0"
"https://docta.me/doctors/stefan-milivojevic","1","0","2026-04-01","2026-04-01","200","136216","0"
"https://docta.me/doctors/tatjana-todorovic","0","0","2026-07-10","2026-05-12","200","0","0"
"https://docta.me/doctors/pratljacic-dragan?lang=en","2","0","2026-07-24","2026-04-01","200","382554","0"
"https://docta.me/doctors/dijana-asanovic?lang=en","0","0","2026-07-16","2026-05-07","200","286476","0"
"https://docta.me/doctors/milutin-vukovic","0","0","2026-07-15","2026-04-01","200","260721","0"
"https://docta.me/doctors/predrag-sljivancanin","0","0","2026-07-22","2026-07-22","200","429376","0"
"https://docta.me/doctors/natalija-tkac","0","0","2026-04-01","2026-04-01","200","147794","0"
"https://docta.me/doctors/aleksandar-zekic","0","0","2026-04-01","2026-04-01","200","120887","0"
"https://docta.me/doctors/milic-raickovic?lang=en","0","0","2026-07-20","2026-07-20","200","353874","0"
"https://docta.me/doctors/zonjic-pavle?lang=en","2","0","2026-04-01","2026-04-01","200","147108","0"
"https://docta.me/doctors/maras-perica","6","0","2026-04-01","2026-04-01","200","288811","0"
"https://docta.me/doctors/vladimir-prelevic","0","0","2026-04-01","2026-04-01","200","0","0"
"https://docta.me/doctors/dusan-babic?lang=tr","0","0","2026-07-19","2026-07-19","200","293654","0"
"https://docta.me/doctors/vasiljevic-luka","0","0","2026-04-01","2026-04-01","200","162183","0"
"https://docta.me/doctors/zoran-simonovic?lang=en","0","0","2026-04-01","2026-04-01","200","126333","0"
"https://docta.me/doctors/elena-raybuzhis","0","0","2026-07-22","2026-07-22","200","293904","0"
"https://docta.me/doctors/mirela-kalic","0","0","2026-07-22","2026-07-22","200","279622","0"
"https://docta.me/doctors/emil-nasufovic?lang=en","1","0","2026-04-01","2026-04-01","200","145932","0"
"https://docta.me/doctors/dalmir-corovic","0","0","2026-07-13","2026-05-12","200","301767","0"
"https://docta.me/doctors/ivan-bozovic","0","0","2026-07-23","2026-07-24","200","279583","0"
"https://docta.me/doctors/krstajic-ljiljana?lang=en","0","0","2026-04-01","2026-04-01","200","155994","0"
"https://docta.me/doctors/crnogorac-snezana","2","0","2026-04-27","2026-04-27","200","184889","0"
"https://docta.me/doctors/natasa-prvulovic-bunovic","0","0","2026-04-01","2026-04-01","200","165796","0"
"https://docta.me/doctors/baris-erturk?lang=en","0","0","2026-07-25","2026-07-15","200","295865","0"
"https://docta.me/doctors/miljenjka-tamara?lang=en","1","0","2026-07-13","2026-04-01","200","318197","0"
"https://docta.me/doctors/krstic-boban","0","0","2026-04-01","2026-04-01","200","136232","0"
"https://docta.me/doctors/janko-zujovic?lang=en","0","0","2026-04-01","2026-04-01","200","165586","0"
"https://docta.me/doctors/irena-maric","0","0","2026-04-01","2026-04-01","200","179672","0"
"https://docta.me/doctors/tatjana-nesterova","0","0","2026-07-06","2026-04-01","200","267368","0"
"https://docta.me/doctors/branko-lutovac?lang=de","0","0","2026-05-11","2026-05-13","200","228647","0"
"https://docta.me/doctors/djurovic-dragan","3","0","2026-04-01","2026-04-01","200","149585","0"
"https://docta.me/doctors/luka-janicic","0","0","2026-05-03","2026-04-01","200","174338","0"
"https://docta.me/doctors/homjakova-tatjana","0","0","2026-05-31","2026-04-01","200","267649","0"
"https://docta.me/doctors/halimonova-lilija?lang=ru","0","0","2026-06-22","2026-06-22","200","304772","0"
"https://docta.me/doctors/nenezic-ana?lang=en","1","0","2026-04-05","2026-04-01","200","175658","0"
"https://docta.me/doctors/dejan-mandic","1","0","2026-05-02","2026-05-02","200","176606","0"
"https://docta.me/doctors/asanovic-petar","0","0","2026-07-11","2026-04-01","200","278540","0"
"https://docta.me/doctors/gordana-ristic-basovic?lang=en","0","0","2026-04-01","2026-04-01","200","159555","0"
"https://docta.me/doctors/tamara-boskovic-brkanovic?lang=ru","0","0","2026-06-25","2026-05-12","200","354345","0"
"https://docta.me/doctors/sokirska-natalija","0","0","2026-04-01","2026-04-01","200","189440","0"
"https://docta.me/doctors/branislav-petrovic?lang=en","0","0","2026-04-01","2026-04-01","200","131965","0"
"https://docta.me/doctors/sanja-borozan?lang=en","0","0","2026-05-12","2026-05-14","200","258815","0"
"https://docta.me/doctors/oliver-adrovic","0","0","2026-07-12","2026-07-12","200","598710","0"
"https://docta.me/doctors/ivana-kezic","0","0","2026-07-22","2026-07-22","200","276226","0"
"https://docta.me/doctors/milan-jovanovic","2","0","2026-04-01","2026-04-01","200","146396","0"
"https://docta.me/doctors/milan-popivoda?lang=tr","0","0","2026-07-19","2026-05-10","200","305928","0"
"https://docta.me/doctors/jelena-bojanic","1","0","2026-07-08","2026-04-01","200","256068","0"
"https://docta.me/doctors/aleksandra-perisic","0","0","2026-04-01","2026-04-01","200","120969","0"
"https://docta.me/doctors/vukadinovic-snezana?lang=en","0","0","2026-04-01","2026-04-01","200","178776","0"
"https://docta.me/doctors/boris-djurovic?lang=en","1","0","2026-07-11","2026-07-14","200","307751","0"
"https://docta.me/doctors/darko-radinovic","1","0","2026-06-03","2026-04-01","200","274512","0"
"https://docta.me/doctors/milos-zakosek?lang=en","0","0","2026-04-01","2026-04-01","200","165440","0"
"https://docta.me/doctors/marija-zekic","0","0","2026-05-12","2026-05-12","200","264866","0"
"https://docta.me/doctors/saric-dragan","0","0","2026-04-01","2026-04-01","200","147990","0"
"https://docta.me/doctors/radovic-nenad?lang=de","0","0","2026-05-02","2026-05-04","200","202294","0"
"https://docta.me/doctors/sanja-vrbica","1","0","2026-04-01","2026-04-01","200","144305","0"
"https://docta.me/doctors/milena-pupovic","3","0","2026-04-01","2026-04-01","200","0","0"
"https://docta.me/doctors/jelena-rutesic?lang=en","0","0","2026-07-23","2026-07-24","200","499835","0"
"https://docta.me/doctors/tanja-cadjenovic-nikolic","1","0","2026-04-01","2026-04-01","200","166628","0"
"https://docta.me/doctors/sanja-djedovic?lang=en","0","0","2026-04-01","2026-04-01","200","139535","0"
"https://docta.me/doctors/vanja-matanovic?lang=tr","0","0","2026-04-27","2026-04-27","200","341050","0"
"https://docta.me/doctors/drincic-nenezic-tanja","0","0","2026-04-01","2026-04-01","200","169970","0"
"https://docta.me/doctors/kozlov-aleksej","0","0","2026-04-01","2026-04-01","200","142643","0"
"https://docta.me/doctors/natasa-tomasevic","2","0","2026-04-01","2026-04-01","200","134872","0"
"https://docta.me/doctors/mirovic-bojana","0","0","2026-04-01","2026-04-01","200","192470","0"
"https://docta.me/doctors/jovanovic-maja?lang=en","0","0","2026-07-12","2026-07-13","200","589641","0"
"https://docta.me/doctors/albijanic-drago","1","0","2026-04-01","2026-04-01","200","148298","0"
"https://docta.me/doctors/sergej-alpatov","1","0","2026-04-01","2026-04-01","200","203572","0"
"https://docta.me/doctors/nebojsa-janjusevic","0","0","2026-05-12","2026-05-12","200","244104","0"
"https://docta.me/doctors/koledin-milos","1","0","2026-04-01","2026-04-01","200","136357","0"
"https://docta.me/doctors/bobcenko-natalija?lang=en","0","0","2026-04-01","2026-04-01","200","196132","0"
"https://docta.me/doctors/snezana-vukovic?lang=en","0","0","2026-07-23","2026-07-24","200","327862","0"
"https://docta.me/doctors/mirovic-milos","0","0","2026-07-11","2026-04-01","200","330603","0"
"https://docta.me/doctors/djordjevic-dikic-ana","2","0","2026-04-01","2026-04-01","200","170641","0"
"https://docta.me/doctors/aleksandar-joksimovic","0","0","2026-07-23","2026-07-24","200","273908","0"
"https://docta.me/doctors/jovicevic-ognjen?lang=en","0","0","2026-07-18","2026-07-18","200","398893","0"
"https://docta.me/doctors/aleksandar-boljevic","3","0","2026-04-01","2026-04-01","200","216319","0"
"https://docta.me/doctors/lidija-ljubisa-maslovar","2","0","2026-04-01","2026-04-01","200","130594","0"
"https://docta.me/doctors/408?lang=en","0","0","2026-01-26","2026-01-26","200","111014","0"
"https://docta.me/doctors/aleksandra-vuksanovic-bozaric","1","0","2026-04-01","2026-04-01","200","171238","0"
"https://docta.me/doctors/babovic-sinisa","1","0","2026-04-01","2026-04-01","200","136382","0"
"https://docta.me/doctors/nikolina-ostojic","0","0","2026-07-21","2026-07-21","200","270942","0"
