TU,Analiza,Cijena EUR
,,
,HEMATOLOGIJA,
eK,KOMPLETNA KRVNA SLIKA,5.00
eK,Kompletna KS i leukocitarna for,10.00
cK,SEDIMENTACIJA,3.00
eK,LEUKOCITARNA FORMULA,5.00
eK,RETIKULOCITI,5.00
cP,FIBRINOGEN,3.00
KK,VREME KRVARENJA,3.00
KK,VREME KOAGULACIJE,3.00
cP,a PTT,10.00
cP,D-DIMER,13.00
S,Anti Rh At,55.00
eK,krvna grupa,18.00
eK,TROMBOCITI,3.00
KK,INR,12.00
eK,KKS - izbor parametara,5.00
cP,KOAGULACIONI FAKTOR VII,60.00
,,
,BIOHEMIJA,
S,Glukoza,2.00
S,HOLINESTERAZA,20.00
S,UREA,2.00
S,AMILAZA-pankreasna,7.00
S,KREATININ,2.00
S,HOLESTEROL,2.00
S,TRIGLICERIDI,2.00
S,HDL HOLESTEROL,2.00
S,LDL HOLESTEROL,2.00
S,AST(SGOT),2.00
S,Lipoprotein (a),15.00
S,ALT(SGPT),2.00
S,Apolipoprotein B,12.00
S,MOKRAĆNA KISELINA,3.50
S,PROTEINI ukupni,2.50
S,ALBUMIN,4.00
S,BILIRUBIN ukupni,3.00
S,BILIRUBIN direktni,3.00
S,GAMA GT,2.00
S,LDH,2.00
S,AMILAZA,4.00
S,CK-NAC,3.00
S,CK-MB,5.00
S,ALKALNA FOSFATAZA,3.00
S,GVOŽĐE,3.50
S,TIBC,4.50
S,UIBC,4.50
S,TRANSFERIN,12.50
S,SATURACIJA TRANSFERINA,12.50
S,KALIJUM,3.00
S,NATRIJUM,3.00
S,KALCIJUM,3.50
S,KALCIJUM-jonizovani,5.00
S,FOSFOR,3.50
S,MAGNEZIJUM,6.00
S,C-REAKTIVNI PROTEIN,5.00
eK,HbA1c,13.00
S,FERITIN,17.00
S,ACE (Angiotenz. K),20.00
S,ALPHA 1 ANTITRIPSIN,14.00
cP,ANTITROMBIN III,27.00
S,VALPORIČNA KISJELINA,25.00
S,PROŠ.LIPIDOGRAM,11.00
S,PANEL 2,
S,profil glukoze,
S,PANEL 3,
S,BILIRUBIN indirektni,1.00
S,glukoza 7.h,2.50
S,glukoza 240 min,2.50
S,glukoza 17.h,2.50
S,glukoza 20.h,2.50
S,Hloridi,3.00
S,FOLNA KISJELINA,18.00
S,PROCALCITONIN,25.00
S,Fructosamine,10.00
S,LIPAZE,10.00
S,VLDL,0.01
S,PREALBUMIN,15.00
S,PROSTATIČNA FOSFATAZA,8.00
S,OGTT,15.00
S,GLUKOZA POSLIJE 180 min,2.50
S,GLUKOZA POSLIJE 30 min,2.50
S,KISJELA FOSFATAZA,5.00
S,eGFR(glomelularna filtracija),0.01
S,Osmolalnost seruma,10.00
S,IL-6,20.00
S,Ukupne žučne kiseline,15.00
S,paket 32,32.00
S,paket 132,132.00
,,
,URIN,
U,Cjelokupan pregled urina,5.00
dU,eGDFR (glomerularna filtracija),
U,KREATININ U URINU,3.00
U,KREATININ U 24h URINU,3.50
U,KLIRENS KREATININA,8.00
U,UREA U URINU,2.50
U,UREA U 24h URINU,2.50
U,KLIRENS UREE,8.00
U,Proteini u urinu,8.00
U,Proteini u 24h urinu,8.00
U,AMILAZA U URINU,4.00
U,MOKRAĆNA KISJELINA U URI,3.50
U,MOKRAĆNA KISJELINA U 24h,3.50
U,KALCIJUM U URINU,7.00
U,KALCIJUM U 24h URINU,7.00
U,FOSFOR U URINU,7.00
U,FOSFOR U 24h URINU,7.00
U,Mikroalbumini-I,15.00
U,MIKROALBUMINI-dU,15.00
dU,5- HIAA,38.00
F,STOLICA NA OKULTNO KRVA,9.00
U,URIN 1.MLAZ,5.00
U,URIN 2.MLAZ,5.00
U,URIN 3.MLAZ,5.00
U,PORFOBILINOGEN(PBG),20.00
dU,VMA,30.00
dU,METANEFRIN free u urinu,60.00
dU,Homovanilna kiselina(HVA),35.00
dU,NATRIJUM u 24 urinu,6.00
dU,Bence Jones proteini,15.00
dU,METANEPHRINI,60.00
,,
,PSIHOAKTIVNE SUPSTANCE,
U,PANEL 10 DROGA,50.00
U,PANEL 5 DROGA,25.00
U,COCAIN,10.00
U,MARIHUANA,10.00
U,MORPHIUM,10.00
U,BENZODIAZEPINES,10.00
U,PHENCIKLIDIN,10.00
U,EXTAZI,10.00
,,
,HORMONI,
S,TSH,6.00
S,T3,5.00
S,T4,5.00
S,FT3,9.00
S,FT4,9.00
S,TG-ANTITELA,12.00
S,TIREOGLOBULIN,15.00
S,ANTI TPO,12.00
S,CALCITONIN,15.00
S,FSH,9.00
S,LH,9.00
S,PROLACTIN,9.00
S,PROLAKTIN 9.h,9.00
S,PROLACTIN 11h,9.00
S,ESTRADIOL,9.00
S,PROGESTERON,9.00
S,TESTOSTERON,11.00
S,DHEA S,20.00
S,SHBG,18.00
S,ANDROSTENDION,20.00
S,17OH - PROGESTERON,18.00
S,KORTIZOL,15.00
U,dU-KORTIZOL U URINU,20.00
S,ANTI MILEROV HORMON,30.00
S,BETA HCG,13.00
S,AFP,15.00
S,PAPPA,20.00
S,LEPTIN,25.00
S,free BETA HCG,15.00
S,TRIPL TEST,46.00
S,DOUBLE TEST,39.00
S,ESTRIOL Free,15.00
S,INHIBIN B,23.00
S,PTH,17.00
S,Insulin,15.00
S,Insulin posle 30 min.,15.00
S,Insulin posle 60 min.,15.00
S,Insulin posle 120 min,15.00
S,Insulin posle 90 min.,15.00
S,C-peptid,16.00
S,Insulin posle 180 min.,15.00
S,C-peptid posle 30 min.,16.00
S,Insulin posle 240 min.,15.00
S,C-peptid posle 60 min.,16.00
S,C-peptid posle 90 min.,16.00
S,C-peptid posle 120 min.,16.00
S,C-peptid posle 150 min.,16.00
S,C-peptid posle 180 min.,16.00
eP,ACTH,25.00
S,Free TESTOSTERON,15.00
S,PROLACTIN,9.00
S,KORTIZOL 17.h,15.00
S,KORTIZOL 12,15.00
eK,RENIN,30.00
S,KORTIZOL 20 h,15.00
S,PROLACTIN 13 h,9.00
S,PROLAKTIN 10h,9.00
S,T-UP,6.00
S,HORMON RASTA,23.00
eP,pro BNP,35.00
S,ALDOSTERON,25.00
S,IGF-1,30.00
S,BIORASPOLOZIVI TESTOSTE,15.00
S,fT4 index,12.00
S,INSULINSKA REZISTENCIJA,18.00
S,Makroprolaktin,35.00
eP,METANEFRIN free,38.00
,,
,TUMOR MARKERI,
S,PSA,13.00
S,fPSA,13.00
S,PSA+fPSA,26.00
S,CEA,10.00
S,CA 15.3,15.00
S,CA 125,15.00
S,CA 19.9,15.00
S,CA 72.4,20.00
S,HE4,25.00
S,CA 50,35.00
S,ROMA indeks,40.00
S,CYFRA 21 - 1,20.00
S,NSE,20.00
S,Beta- CrossLaps,22.00
S,OSTEOCALCIN,20.00
eP,HROMOGRANIN A,32.00
S,TROP T hs,15.00
S,HOMOCYSTEIN,22.00
S,Anti TSHR,25.00
S,beta 2 mikroglobulin,25.00
S,TPA(Tkivni polipeptidni antigen),50.00
S,TATI,50.00
S,SCC(Squamos cell carcinoma a,30.00
,,
,VIRUSOLOGIJA,
S,CYTOMEGALO VIRUS IgM At,15.00
S,HELICO pylori,15.00
S,CYTOMEGALO VIRUS IgG At,15.00
S,ADENOVIRUS IgM At,15.00
S,ADENOVIRUS IgG At,15.00
S,TPHA (Threponema palidum),10.00
S,TOXOPLASMA IgM At,15.00
S,TOXOPLASMA IgG At,15.00
S,TORCH,110.00
S,RUBELLA IgM At.,15.00
S,RUBELLA IgG At,15.00
S,HERPES SIMPLEX I IgM At,14.00
S,MUMPS IgM,15.00
S,HERPES SIMPLEX I IgG At,14.00
S,HERPES SIMPLEX II IgM At,14.00
S,HERPES SIMPLEX II IgG At,14.00
S,EPSTEIN-BARR IgM At,15.00
S,EPSTEIN-BARR IgG At,15.00
S,HAV IgM At,15.00
S,anti HCV,15.00
S,HBs Ag,15.00
S,HIV Ag-Ab,15.00
S,VARICELA ZOSTER VIRUS Ig,20.00
S,VARICELA ZOSTER VIRUS Ig,20.00
S,MONOSTIKON,7.00
S,VDRL,7.00
S,HSV2 IgG,14.00
S,HSV1 IgG,14.00
S,COXSACKIE B IgM,14.00
S,COXSACKIE B IgG,14.00
S,Mumps IgG,15.00
S,HERPES SIMPLEX I+II IgG,20.00
S,HEV,30.00
S,Anti-SARS-Cov At,15.00
S,SARS-Cov-Ab IgG+IgM,28.00
S,Sars Cov-IgG At,14.00
S,Sars Cov IgM At,14.00
S,SARS-CoV-2 IgG At Spike prot,16.00
NFb,HITNI PCR,69.00
,,
,PREGLED SEMINALNE TEČN,
Ej,SPERMOGRAM,25.00
Spr,Swim - UP procedura I,150.00
U,Postejakulatorni urin,10.00
S,DIHIDROTESTOSTERON,25.00
Ej,DNK fragmentacioni index,80.00
,,
,USLUGE,
,VAĐENJE KRVI/PRIJEM,1.50
,KUČNA POSJETA CENTAR,10.00
Spr,Swim - UP procedura II,100.00
,KUČNA POSJETA PERIFERIJ,10.00
,UZORKOVANJE GENITALNE,3.00
hP,Odvajanje plazme-10 ml,20.00
,TEREN-UZORKOVANJE,50.00
,0001 Ispitivanje prisustva Trichomon,7.00
,,
,UROGENITALNI,
UB,Bakteriološko ispitivanje uretral,10.00
VB,Bakteriološko ispitivanje vaginal,8.00
UB,Ispitivanje prisustva gljivica u ur,5.00
VB,Ispitivanje prisustva gljivica u v,5.00
CB,Bakteriološko ispitivanje cervika,8.00
CB,Ispitivanje prisustva gljivica u c,5.00
CB,ELISA za detekciju Chlamydia t,15.00
VB,Ispitivanje prisustva genitalnih,25.00
,Ispitivanje prisustva Trichomon,7.00
,ELISA za detekciju Chlamydia t,15.00
,Ispitivanje prisustva genitalnih,25.00
UK,Bakteriološko ispitivanje urina (,10.00
,Ispitivanje prisustva gljivica u ur,5.00
VB,Grupa vaginalnog sekreta,6.00
Spr,Bakteriološko ispitivanje sjeme,10.00
,Bakteriološko ispitivanje brisa p,10.00
,Ispitivanje prisustva gljivica u br,5.00
,Bakteriološko ispitivanje brisa g,10.00
,Ispitivanje prisustva gljivica u br,5.00
VB,Bakteriološko ispitivanje brisa v,8.00
VB,Ispitivanje prisustva gljivica u br,5.00
VB,Aminski test,4.00
UB,Uretralni bris na G.O.,10.00
,Bakteriološko ispitivanje lohija(,10.00
Spr,Sjemena tečnost na gljivice,5.00
CB,Endocervikalni bris na GO,10.00
U,Ispitivanje prisustva mikoplazmi,25.00
CB,direktan mikroskopski preparat,6.00
CB,direktan mikroskopski preparat,6.00
,bakteriološko ispitivanje brisa u,10.00
,ispitivanje prisustva mikoplazmi,25.00
PV,bakteriološko ispitivanje sadržaj,9.50
PV,bakteriološko ispitivanje sadržaj,9.50
B,direktan mikroskopski preprat o,6.00
B,mikroskopski preparat vaginaln,
B,mikroskopski preparat cervikaln,
B,Direktan mikroskopski preparat b,
UB,Imunohromatografski test za do,13.00
,,
,PCR / DNA / DRUGO,
cP,MTHFR,35.00
cP,PAI-I,50.00
cP,FAKTOR V,35.00
cP,FAKTOR II,35.00
hK,dnk 2 osobe,450.00
hK,DNK 3 osobe,550.00
eP,HCV PCR kvantitativni,200.00
eK,HLA B27,125.00
hK,NIPT SILVER,490.00
eK,HLA DQ 2.8,150.00
cP,MIKRODELECIJA Y HROMOZ,160.00
eK,HBV DNK KVANTITAT,200.00
hK,KARIOTIP,130.00
U,Sex prenosive bolesti 4(HPV.C,130.00
B,PCR CoV-2,45.00
U,STD 3 Mycoplasma ureaplasm,60.00
cP,HHV 6,140.00
NFb,COVID-19 Ag (Antigen test),5.00
,PCR Multiplex PCR Influenc+Sars-C,80.00
,PCR pcr cov 4,49.00
S,TRICHINELLA spiralis IgG At,30.00
S,Latex,4.00
S,GLUKOZA PRE I POSLE OBR,2.50
eK,Sedimentacija Eritrocita,2.00
S,HBe Ag,15.00
S,HAV ukupna At,15.00
S,LITIJUM,10.00
S,BRUCELA IgM,45.00
S,PROCALCITONIN,25.00
U,MAGNEZIJUM U URINU,6.00
U,MAGNEZIJUM U 24h URINU,6.00
B,EOZINOFILI U NOSU,5.00
eK,Eozinofili u krvi,5.00
eK,LEUKOCITI,3.00
eK,REZISTENCIJA ERITROCITA,10.00
U,STD 7,62.50
,,
,ALERGIJE,
S,NUTRITIVNI ALERGENI,45.00
S,INHALATORNI ALEGENI,45.00
S,alergije,45.00
S,Atopy screen hrana +inhalatorni,90.00
S,RAKOVI F24,20.00
S,LIGNJE F258,40.00
S,RAKOVI (CRAB),20.00
S,DAGNJE F37,20.00
S,JASTOG F80 (LOBSTER),20.00
S,HOBOTNICA F59,20.00
S,PENICILLOYL G HSA C1,30.00
S,PENICILLOYL V HSA C2,30.00
S,LIDOCAINE/XYLOCAINE C232,40.00
S,Alergije (20 alergena),40.00
S,Alergije 6 alergena,25.00
S,10 ALERGENA,27.00
S,IgA,9.00
S,IgG,9.00
S,IgM,9.00
S,IgE,15.00
S,C3-Komplement,9.00
S,C4-Komplement,9.00
S,CERULOPLAZMIN,7.00
S,KAPPA,30.00
S,LAMBDA,30.00
hK,QUANTIFERON,80.00
