"Keyword","Impressions","Clicks","CTR","Avg. Position"
"milmedika","32","0","0%","4.84375"
"milmedika niksic","27","3","11.11%","3.8518518518518516"
"milmedika tivat","20","3","15%","4.9499949999999995"
"milmedika podgorica","19","0","0%","3.263157894736842"
""nebojsa crnogorac" twitter","14","0","0%","8.714292857142857"
"smart med kotor","13","1","7.69%","3.461530769230769"
"ramdopin","12","0","0%","6.833333333333333"
"pedijatrijska ambulanta teomed","12","0","0%","6.8333"
"klinicki centar podgorica kontakt neurologija","12","0","0%","8"
"pupilometrija","10","0","0%","72"
"milmedika cijene","9","0","0%","4.333322222222222"
"vesna čolaković-popović ginekološka onkologija crna gora","8","0","0%","1.5"
"milmedika nikšić cjenovnik pregled","8","0","0%","3.875"
"dr aleksandra lakovic tatar","8","1","12.5%","18.5"
"cena octagam infuzije u crnoj gori","8","0","0%","3.625"
"dilcoran 80mg","8","0","0%","8.125"
"mil medica tivat","8","0","0%","4.25"
"ivan đukić milmedika","8","0","0%","4.5"
"milmedika porto tivat","7","0","0%","4.285714285714286"
"milmedika budva","7","0","0%","3.7142857142857144"
"dr vesna ivanović-sjekloća slika","7","0","0%","6.2857"
"kerber ginekologija","6","0","0%","6"
"vesna čolaković-popović a3 medical","6","0","0%","4.5"
"smart med podgorica","6","0","0%","4.833333333333333"
"droksin srbija","6","0","0%","7.166666666666667"
"smart medicalkardiolog milan  popiyoda","6","0","0%","2"
"hemikolektomija sa anastomozom","6","2","33.33%","8"
"milmedika podgorica kapsularna distenzija ramena","6","0","0%","3.5"
"bolnica meljine","5","3","60%","2.2"
"in vitro podgorica","5","0","0%","9"
"milmedika porto montenegro","5","0","0%","8.2"
"dr uskokovic","5","1","20%","6"
"cena wegovy 1,7mg u crnoj gori","5","0","0%","1"
"astic surgery podgorica, montenegro","5","1","20%","15"
"doktor dabovic predrag","5","2","40%","3.19998"
"dr aleksandar juskovic","5","1","20%","1"
"doktor djordjije provicdoktor djordjije perovic dje rodjen dje rodjen","5","2","40%","2.2"
"bulatović radmila","5","0","0%","4"
"in vitro clinica podgorica","5","0","0%","7.4"
"fizio centar  niksic review","5","0","0%","3.2"
"dragana kastratovic","4","0","0%","4"
"milmedika niksic kontakt","4","1","25%","2.5"
"danijela katić dermatolog slike","4","2","50%","3"
"doktorka ljiljana radulović neurolog kliničkom centru crne gore podgorica otkad dokad je studirala medicinu i otkad dokad je bila na specijalizaciji iz neurologije precizne podatke podaci trebaju","4","0","0%","2.5"
"dr dzihad pepic","4","1","25%","1.5"
"je li se može dobiti ruporut u lekarni u crnoj gori","4","0","0%","5.5"
"dr sandra vujovic","4","1","25%","1"
"suzana uskokovic","4","1","25%","3.5"
"nikola delević","4","1","25%","1.5"
"dr damir muhović","4","0","0%","9.5"
"paravano 10 mg","4","0","0%","7.25"
"ecg contractors in montenegro","4","1","25%","4"
"nikšić ortoped privatna ordinacija","4","0","0%","2"
"klinika a3","4","0","0%","5"
"dom zdravlja budva","4","0","0%","6.5"
"dr perica maraš","4","0","0%","4"
"jelena grujic hirurg","4","0","0%","2"
"kardiolog popivoda milan luča","4","4","100%","1.5"
"private clinic infusion therapy vitamins report legal montenegro","4","0","0%","3.5"
"boris djurovic","4","0","0%","1.500025"
"a3klinik sutomore","4","0","0%","4.25"
"danila niksic","4","0","0%","9"
"bono medica budva","4","0","0%","6"
"dr ašanin oftamolog dom zdravlja nikšić","4","0","0%","3.5"
"dr vlado popovic","4","1","25%","2.5"
"dopler krvnih sudova podgorica","4","1","25%","5.5"
"marija đivolski podgorica i budva,","4","0","0%","4.75"
"klinika u crnoj gori implantanti beotach","4","0","0%","4.75"
"dr. biljana popovic bar","4","2","50%","2"
"a3 medical montenegro","4","0","0%","5.25"
"marija đivolski podgorica","4","0","0%","2.25"
"oftalmoski centar dr raonic","3","0","0%","7.6667"
"majic hirurg","3","1","33.33%","1"
"orl lekar herceg novi","3","1","33.33%","2"
"dr ranka vucinic","3","1","33.33%","2.6666666666666665"
"milmedika nikšić cenovnik","3","0","0%","2"
"aleksandar zec budva","3","0","0%","3.3333333333333335"
"a3 sutomore","3","0","0%","3.3333333333333335"
"dom zdravlja bar","3","0","0%","5"
"dr ana popovic kbcg","3","1","33.33%","4.3333"
"zdravkovic rajko","3","0","0%","3"
"dr nina milosevic","3","1","33.33%","3.6667"
"ko je zilha idrizovic","3","0","0%","2"
"doreta cg.","3","2","66.67%","1.6666666666666667"
"a3 medical sutomore","3","0","0%","2.6666666666666665"
"cjenovnik mil medike niksic","3","0","0%","3"
"sanja borozan endoktrinolog","3","1","33.33%","2"
"ordinacija dr zejnilović bar email","3","0","0%","2.6667"
"radiolog ilic podgorica","3","0","0%","3"
"natasa milmedika tivat","3","0","0%","4.3333"
"dom zdravlja herceg novi","3","0","0%","7"
"kardiolog.popivoda","3","4","133.33%","2"
"rufixalo 20 mg forum","3","0","0%","8"
"koji liječnik liječi nedostatak gvožđa i hipotireozu u crnoj gori","3","0","0%","2"
"zilha idrizovic klinicki centar podgorica","3","0","0%","4.3333"
"tatjana motrenko","3","1","33.33%","4.666666666666667"
"milmedika niksic cjenovnik","3","0","0%","2.3333333333333335"
"milmedika nikšić kontakt","3","0","0%","2"
"milmedika nikšić kardiolozi","3","0","0%","2"
"dr kocic crna gora","3","1","33.33%","1"
"konsultativni pregled radiologa","3","0","0%","8.6667"
"specijalisti za uz mekih tkiva podgorica","3","0","0%","1"
"pedijatrija budva dom zdravlja","3","0","0%","7.6667"
"bar ortopedija ramena hidrodilatacija","3","0","0%","2.6667"
"i meil nuklearne medicine podgorica klinicki centar","3","1","33.33%","2"
"smartmed ortopedija podgorica","3","0","0%","9.6667"
"filipovic poliklinika podgorica","3","0","0%","3"
"cardiopirin 75mg i krill ulje uporedba","3","0","0%","6.3333"
"standard poliklinika stefan oryoped","3","0","0%","4.6667"
"doktorka ljiljana radulović neurolog klinički centar crna gora podgorica studij medicina","3","0","0%","3"
"dr zejnilovic bar","3","5","166.67000000000002%","1.6666666666666667"
"plantarne bradavice klinika podgorica","3","1","33.33%","8.3333"
"knezevic imc","3","0","0%","6"
"nuklearna medicina cigota","3","1","33.33%","3"
"nova medic firma u podgorici","3","0","0%","3"
"milmedika podgorica cjenovnik","3","0","0%","5"
"smart med","3","0","0%","3"
"danijela latković doktor podgorica","3","0","0%","4"
"ars medika podgorica hirurgija","2","1","50%","4"
"elektrokoagulacija grlića materice","2","0","0%","5"
"composite bonding herceg novi","2","0","0%","2"
"doktorica mica","2","0","0%","5"
"dr zorica barac","2","0","0%","5"
"kardiolog dragana bar","2","1","50%","2.5"
"milmedika nikšić imena zaposlenih ksrdiologa","2","0","0%","2"
"узи кабинет в черногории","2","1","50%","5"
"dr antoaneta adžić-oftalmolog","2","1","50%","1"
"internista dom zdravlja h. novi","2","2","100%","3.5"
"dr sanja medenica","2","0","0%","5"
"oralni hirurg budva","2","1","50%","2"
"dudvarski ilic","2","0","0%","7"
"kardiolog internista dr džankić","2","0","0%","4.5"
"dr bojan milačić biografija","2","1","50%","10"
"miljan zindović","2","1","50%","5"
"jelka milic dr adresa lokacija tivat","2","0","0%","4"
"dom zdravlja bar.pedijatrija","2","0","0%","7"
"ana nenezic kardiolog","2","0","0%","3.5"
"milmedica tivat czarnogóra","2","0","0%","4.5"
"basovic ginekolog","2","1","50%","1.5"
"39 lamela 8 podgorica","2","0","0%","5"
"surgery eye montenegro","2","1","50%","1"
"hyalubrix podgorica","2","1","50%","1.5"
"jelena popovic toledo doctor","2","1","50%","3"
"milmedika laboratorija","2","0","0%","4.5"
"poliklinika filipovic recenzije","2","1","50%","4"
"vestibularna ploca","2","0","0%","2"
"nikola barovic","2","0","0%","4"
"dr. pupovic sabahudin orl podgorica","2","1","50%","1.5"
"opsta bolnica bijelo polje","2","0","0%","4"
"dr sukovic milija","2","1","50%","4.5"
"a3 medical specialties","2","0","0%","3.5"
"milmediku nikšić","2","0","0%","2"
"moj lab  pedijatrija","2","0","0%","3.5"
"rz kerber farm","2","0","0%","3.5"
"eliquis 2 5 mg na recept","2","0","0%","3"
"radno vrijeme mil medika niksic","2","0","0%","3"
"toma nišavić","2","1","50%","1.5"
"ana bulatovic reumatolog","2","1","50%","2"
"tomanovic hirurg","2","0","0%","4"
"dokter montenegro","2","0","0%","4"
"doktorica barac otasevic","2","1","50%","2.5"
"dr marko borovinić","2","1","50%","5"
"medazol 400","2","0","0%","2"
"nuklearna medicina podgorica klinicki centar","2","0","0%","2"
"novi standard poliklinika bar","2","0","0%","2"
"broj dozvole dr. vlado popovic","2","1","50%","2"
"djordje perovic urolog","2","2","100%","5"
"doktorka milica marovic","2","1","50%","2"
"dr raonic oftamolog","2","0","0%","9.5"
"sona duo gel 30g","2","0","0%","9"
"konyilijum ordinacija dopler krvih sudova","2","1","50%","1.5"
"dr ivona jelušić","2","0","0%","4.5"
"altabella cosmetica","2","0","0%","7.5"
"ersan basovic","2","1","50%","7.5"
"ortoped lakovic olwg","2","0","0%","1"
"botoks jagodica  niksic","2","3","150%","3.5"
"mirjana rasljic","2","0","0%","4"
"ko je dr bulatović u kliničkom centu crne gora, ortoped","2","1","50%","5"
"operacija dijafragme","2","2","100%","4"
"novi standard klinika","2","0","0%","9"
"bolnica cetinje pedijatrije marina","2","0","0%","2"
"bona lab prima","2","0","0%","6"
"uz abdomena participacija crna gora","2","0","0%","1.5"
"zorica barac psihijatar","2","2","100%","2"
"milmedika tivat ljekarski pregled","2","0","0%","4"
"dejan kojic dr","2","0","0%","6.5"
"budva zindovic","2","1","50%","2.5"
"luka borovinic","2","1","50%","3"
"a3 medical cenovnik","2","0","0%","5.5"
"nostalgia.docta.dew","2","0","0%","2"
"bozovic rada ginekolog","2","0","0%","2"
"ljekari u hipokrat niksic","2","1","50%","2"
"mp doa test podgorica","2","0","0%","5"
"cetinje transfuzija","2","1","50%","1.5"
"urologija nikšić","2","1","50%","5.5"
"žanka đurišić","2","2","100%","3"
"plasiranje hikmanovog katetra za dijalizu cena","2","1","50%","6"
"dr ana popović dermatovenerolog","2","1","50%","1"
"dr tanja nikolic sutomore","2","1","50%","1.5"
"vlatko raicevic ginekolog","2","0","0%","4"
"dr madžgalj","2","0","0%","1.5"
"milmedicka cijena","2","0","0%","4"
"alerix","2","0","0%","9"
"nikola bulatović dr ortopeda","2","0","0%","2"
"dr milan vladimirov radiolog","2","0","0%","2"
"dr amber halilović podgorica pulmolog","2","2","100%","5.5"
"dr azra begovic","2","1","50%","2.5"
"maksimović, ružica m.   md","2","0","0%","5"
"bulevar dinastije petrovica 8, bar","2","1","50%","2"
"milmedika cjenovnik niksic","2","0","0%","3"
"dr drasko vukovic","2","2","100%","1.5"
"saška grupković","2","1","50%","3.5"
"dr vlado popovic podgorica","2","1","50%","1.5"
"ana music ginkeolog","2","1","50%","1.5"
"dr branko čampar","2","1","50%","2"
"in viro podgorica","2","0","0%","8.5"
"optivag","2","0","0%","7"
"urolog ivan vukovic podgorica","2","1","50%","3"
"rz kerber company","2","0","0%","6"
"doctor enzo citarella en rio de janeiro","2","1","50%","11.5"
"semi-docta","2","0","0%","9"
"poliklinika masonicic","2","0","0%","2.5"
"branko lutovac nefrolog u podgorici","2","0","0%","4"
"ecg contracors in montenegrop","2","0","0%","6.5"
"dr.baris erturk budva","2","0","0%","4.5"
"plasticna hirurgija doktor bandic","2","0","0%","8"
"aesthetic medical clinic tivat","2","1","50%","6"
"olga tivat, volim te","2","0","0%","5.5"
"mladen radonjic doktor podgorica","2","1","50%","5"
"sinisa ducic deciji ortoped pregled","2","0","0%","7"
"trofi?ki i hormonski agensi 32 544 ursodeoksiholna kiselina 32 545 probiotici 33 6 komplikacije 34 61 komplikacije parenteralne nutricije 34 611 infekcije krvotoka povezane sa kateterom crbsi 34 612 tromboza centralnih vena 35 62","2","0","0%","5.5"
"milica vušurović ginewkolog","2","0","0%","5.5"
"dom zdrravlja bar","2","0","0%","2.5"
"amedic recenzije","2","1","50%","1"
"a 3 nedika sutomore","2","0","0%","1"
"dr zeljko zacevic dental budva","2","1","50%","1"
"dental studio gaćina (bar)","2","1","50%","1"
"psihijatar dr milonjic klinicki centar podgorica","2","2","100%","2"
"emilija delevic ginekolog","2","1","50%","1"
"ginekolog herceg novi ob meljine","2","1","50%","2"
"dr vlado popovic risan","2","0","0%","2.5"
"privatna zdravstvena ustanova primus medical","2","0","0%","9"
"lidija ljubisa budva","2","0","0%","10"
"zindovic_dunja clinical center of montenegro","2","0","0%","4"
"dr zindovic budva kontakt","2","1","50%","2"
"biorevitalizacija podgorica","2","1","50%","1.5"
"dr ivana micevic","2","1","50%","1.5"
"pedijatrija mojlab","2","0","0%","8.5"
"olire 6mg","2","0","0%","7"
"dr marija petričević iskustva","2","1","50%","1"
"trazem 5 mg","2","0","0%","8"
"bolest lamela","2","0","0%","5.5"
"dr maida psihijatar podgorica","2","1","50%","1"
"tatjana motrenko simic human reproduction center budva","2","0","0%","6.5"
"urolog vukovic podgorica","2","1","50%","3"
"suzana uskokovic gdje radi u podgorici","2","1","50%","1.5"
"centrala bolnice podgorica kontakt neurohirurgija kontakt","2","0","0%","6"
"a3 medical hospital sutomore haj nehaj bb is in which hospital","2","0","0%","6"
"kardiolog popivoda kbc","2","2","100%","1.5"
"aligrudic ortoped","2","0","0%","10"
"rtg hemitoraksa","2","0","0%","6"
"vesna lakusic mitic","2","1","50%","3"
"revisio cavi uteri instrumentalis","2","0","0%","6.5"
"milmedika nk","2","0","0%","5.5"
"slavisa perunicic klinika","2","1","50%","2"
"vigamox cjena u crna gore","2","1","50%","1"
"doctor vlado popovic","2","0","0%","1.5"
"zejnilovic bar","2","0","0%","3.5"
"konzilijum pg cijena mr male karlice","2","0","0%","9"
"protia allergy q64s","2","0","0%","10"
"dr nikola bulatovic","2","1","50%","5"
"nikola bulatovic ortopedija","2","0","0%","5"
"dr marjana djordjevic","2","1","50%","2"
"magdelinic urolog","2","0","0%","1"
"tea dakic konzilijum","2","0","0%","10"
"veselinovic herceg novi","2","0","0%","2"
"dr milivoje šišević podgorica","2","0","0%","7"
"capilaroscopy","2","0","0%","4"
"dr  predrag dabović","2","1","50%","5.5"
"doktor zivka eri","2","1","50%","10"
"dr džihad pepić","2","1","50%","1"
"milmedika porto montenegro recenzije","2","1","50%","4"
"specijalna bolnica za psihijatriju kotor","2","0","0%","6"
"a3 sutomore ärzte","2","0","0%","1.5"
"juskovic aleksandar","2","1","50%","5"
"bactrim galenika","2","0","0%","5"
"antrektomija","2","0","0%","9"
"dr enisa pupovic","2","1","50%","5"
"refidoro","2","0","0%","7"
"a3 klinika, sutumore","2","0","0%","7"
"upravljanje sa čamcem pregled","2","0","0%","5.5"
"dr milan popivoda kotor","2","1","50%","1.5"
"ljiljana radulovic neourolog","2","1","50%","1"
"smart med dr olivera miketic endokrinolog","2","0","0%","7"
"dr miljan zindovic budva","2","0","0%","1.5"
"rtg himitoraks","2","0","0%","4.5"
"vladan vuceljic doktor","2","1","50%","2"
"doktorka kastratović","2","0","0%","2"
"onkologija direktor vladimir","2","1","50%","1"
"prof čampar pedijatar","2","0","0%","8"
"memalis","2","0","0%","8"
"estetska klinika podgorica","2","0","0%","4"
"dr djurovic urolog podgorica","2","1","50%","1.5"
"gastro inteorolog damir muhovic","2","0","0%","4.5"
"ljekari u klinici a3 sutomore","2","1","50%","1"
"milmedika nikšić kardiolozimedicinski džem recept","2","0","0%","2"
"očni doktor niksic","2","0","0%","5"
"dr zindovic budva","2","1","50%","1.5"
"milmedika siti kvart","2","0","0%","6"
"dr marjana djordjevic radiolog","2","1","50%","3.5"
"specijalna bolnica vaso cukovic risan radno vrijeme ortopedije 1 sprat ambulante","2","1","50%","4"
"dom zdravlja tivat","2","0","0%","4.5"
"dr željka ašanin","2","1","50%","5.5"
"nubeqa 300 mg na recept","1","0","0%","9"
"milmedka podgorica","1","0","0%","2"
"zec aleksandar budva","1","0","0%","7"
"dooktor radinovic medicus podgorica","1","1","100%","2"
"zindovic hirurg kbc","1","0","0%","2"
"danko zivkovic","1","1","100%","1"
"neurohirurg dr radunovic arsenije privatno","1","1","100%","1"
"a3 medical center montenegro","1","0","0%","6"
"dr snezana pavicevic podgorica","1","1","100%","2"
"umelics","1","0","0%","3"
"gabapreg 50mg","1","0","0%","8"
"klinika za infektologiju podgorica danijela stojanović","1","1","100%","2"
"dr snežana vukadinovic dermatolog ordinira","1","1","100%","2"
"dr nelica radovic","1","1","100%","2"
"dr djukic podgorica","1","1","100%","2"
"aligrudic ortopedija","1","0","0%","10"
"nativni ct urotrakta","1","0","0%","7"
"ispravka iskrivljene nosne pregrade – cijena u crnoj gori","1","1","100%","1"
"prof. dr snežana vujošević","1","1","100%","1"
"popović marjan","1","0","0%","4"
"viktorija jevdokimova","1","0","0%","7"
"aleksandra bozovic celebic grudi","1","1","100%","2"
"oleg lakovic","1","1","100%","2"
"dr.vladimir janjic","1","1","100%","4"
"dr dejan kojic","1","0","0%","8"
"rapten forte inhaltsstoffe","1","0","0%","4"
"pedijatrijska ordinacija doktorica mica","1","0","0%","6"
"petrović, p., mašulović, d. i saradnici. radiologija.","1","0","0%","6"
"tasic kardiolog","1","0","0%","2"
"hematolog mirjana gotić","1","0","0%","5"
"dr marjan popović, vd načelnik","1","1","100%","1"
"ginekološka ambulanta sumedica","1","0","0%","6"
"bolnica risan kontakt","1","0","0%","3"
"montenecrol medikamnet","1","0","0%","2"
"poliklinika konzilijum podgorica","1","0","0%","5"
"bolnica a3","1","0","0%","5"
"biljana jakovljevic radiolog","1","0","0%","2"
"actawell 25mg sastav","1","0","0%","7"
"monosticon","1","0","0%","5"
"dzihad pepic","1","1","100%","1"
"tea dakic klinicki centar","1","1","100%","1"
"ecugra srbija","1","0","0%","7"
"fizio centar niksic review film","1","0","0%","7"
"mirjana joksovic oskustva neurolog","1","1","100%","1"
"opsta bolnica bijelo polje ortoped na","1","0","0%","5"
"kontakt tel. ordinacija filipović radiologija","1","1","100%","1"
"klinika za pulmologiju","1","0","0%","4"
"citoredukcija sa hipecom","1","0","0%","6"
"vitamin ad podgorica","1","0","0%","2"
"laparoskopska biosija jetre","1","1","100%","7"
"dusanka novosel podgorica","1","0","0%","4"
"standard poliklinika","1","0","0%","4"
"orl budva","1","0","0%","2"
"my lab podgorica","1","0","0%","10"
"broj radne dozvole dr. vlado popovic","1","0","0%","2"
"nebojsa nikitovic iskustva","1","0","0%","4"
"ana popovićmdermatolog","1","1","100%","1"
"broj milmedika nk","1","0","0%","5"
"meljine rehabilitacija","1","0","0%","6"
"bakic mira","1","0","0%","1"
"diosminex max za šuljeve","1","0","0%","6"
"aleksandar magdelinić doktor","1","0","0%","5"
"dr jadranka lakicevic","1","1","100%","1"
"ordinacija filipovic","1","1","100%","4"
"faktu gel u crnoj gori","1","0","0%","2"
"radmila bulatović","1","0","0%","7"
"fotovoltiskā sistēma cēsis kontakti email uzņēmums","1","0","0%","5"
"milmedika nikšić radno vreme","1","0","0%","2"
"aleksandar stevanovic ginekolog","1","0","0%","8"
"irena ljutica","1","1","100%","2"
"podgorşica beyin cerrahi vuso","1","0","0%","2"
"dr čampar","1","1","100%","2"
"milena adzic","1","0","0%","8"
"nebojsa crnogorac","1","0","0%","10"
"ponuda za polikliniku novi standard","1","0","0%","2"
"glaumol kapi","1","0","0%","10"
"doktor ivanovski meljine","1","0","0%","1"
"eliquis 2 5 mg može li na recept","1","0","0%","3"
"ana popović dermatolog","1","0","0%","8"
"farin galenika","1","0","0%","5"
"dr matea baranik","1","0","0%","4"
"iud","1","0","0%","8"
"rapten gel/forte","1","1","100%","8"
"gastroenerologija klinicki centar crne gore","1","0","0%","7"
"poliklinika milmedika","1","0","0%","8"
"urolog rebronja","1","1","100%","1"
"a3 klinika bar","1","1","100%","2"
"alfa1 antitripsin laboratorijska analiza","1","0","0%","5"
"zarko malovic podgorica","1","0","0%","4"
"klinika konzilijum podgorica","1","0","0%","4"
"a3 medical kotor contact number","1","0","0%","9"
"a medic podgorica program","1","0","0%","3"
"pupovic url podgorica","1","0","0%","4"
"tamsulozin od farma s","1","1","100%","7"
"tesla berane","1","0","0%","5"
"dr. marjan popovic spec. kardiohirurgije","1","1","100%","1"
"pkardiolog popovoda","1","1","100%","1"
"klinika a medic cg iskustva","1","1","100%","4"
"mylab budva","1","0","0%","5"
"vukmirovic dermatolog","1","1","100%","1"
"nada cicmil sahrana","1","0","0%","8"
"milmedika nikšić","1","1","100%","5"
"oleg lakovic ortoped","1","1","100%","1"
"valer","1","0","0%","6"
"kimoks","1","0","0%","2"
"danijela stojanović internista","1","0","0%","6"
"doktor koji radi u milmediku niksic za djecu","1","0","0%","4"
"fizio centar endorfin nikšić adresa","1","0","0%","1"
"doktor erakovic neurolog","1","1","100%","1"
"doktor sasa radovic","1","0","0%","1"
"iskustva sa ars medica beograd","1","1","100%","5"
"pzu   polyclinic  milmedika  montenegro","1","0","0%","4"
"dr maida psiholog podgorica","1","1","100%","1"
"dr arsenije radunovic biografija","1","1","100%","2"
"farau dr. veselinovic","1","0","0%","2"
"borovinic ortoped","1","1","100%","1"
"doktor vojislav parezanovic","1","0","0%","4"
"aleksandra laković tatar","1","1","100%","1"
"ampula bedoxin","1","0","0%","8"
"ortoped borovinic narko","1","0","0%","2"
"dexamethason kraka prieks kam na srpskom","1","0","0%","6"
"memalis med","1","0","0%","6"
"juskovic ortoped","1","0","0%","3"
"ćdr marija radiologi","1","0","0%","1"
"biopsija dojke podgorica","1","0","0%","1"
"criteo 50mg cemu sluzi","1","0","0%","7"
"clinical centre of montenegro jelena radovic","1","0","0%","5"
"laparoskopska biosija jetre cena","1","1","100%","2"
"aspirin 500 montenegro","1","0","0%","6"
"vivace tablete ingredient","1","0","0%","9"
"a. djordjevic-dikic filetype:htm","1","0","0%","5"
"podgorica injekcije zglobova","1","1","100%","3"
"dr mica podgorica","1","0","0%","3"
"bella vista gradiska recenzije","1","1","100%","3"
"cijena operacije štitne žljezde u podgorici","1","1","100%","2"
"quick aligner cijena podgorica","1","1","100%","1"
"pepticaid 40 mg cijena","1","2","200%","1"
"maša đozić orl lekar","1","0","0%","8"
"operacija nosa podgorica","1","1","100%","2"
"miles malbaski","1","0","0%","5"
"olivera miketić","1","1","100%","1"
"ezofagogastroduodenoskopija sa dilatacijom ai","1","1","100%","5"
"a e hospital in podgorica","1","0","0%","7"
"marko stoijkov doktor","1","1","100%","2"
"dr emilija delevic","1","1","100%","2"
"dr branko lutovac","1","1","100%","6"
"marko batuta doktor","1","1","100%","1"
"dr darko radinovic","1","0","0%","9"
"jelena knezevic ginekolog","1","1","100%","1"
"apoloniarasovic","1","0","0%","5"
"zanka cerovic","1","1","100%","3"
"dr muhedin  dino kadic","1","1","100%","7"
"bolnica meljine web","1","1","100%","1"
"poliklinika zejnilovic bar website","1","0","0%","3"
"c1 inaktivator test","1","0","0%","2"
"komplijansa pluća.","1","0","0%","10"
"dr. kiterschkes montenegro","1","0","0%","7"
"triholog podgorica","1","1","100%","2"
"dermatolog  onkolog podgorica","1","1","100%","2"
"dr snezana vukadinovic","1","0","0%","4"
"filipović podgorica doktori","1","1","100%","1"
"darko nisavic ortoped","1","0","0%","2"
"marocen","1","1","100%","4"
"stanislava zubac višnjić biografija","1","1","100%","3"
"criteo 50mg","1","0","0%","4"
"is milmedika clinic in budva good for treating ear infections","1","0","0%","8"
"osteopatija crna gora","1","1","100%","4"
"doctor milica markovic","1","1","100%","5"
"poliklinika filupovic","1","0","0%","9"
"ivana kalezić vuković ginekolog","1","0","0%","6"
"dušan babić vaskularni","1","0","0%","2"
"in vitro laboratorija","1","0","0%","7"
"meljine bolnica","1","0","0%","3"
"ortoped dr miškulin","1","0","0%","5"
"milmedika dezurna","1","0","0%","5"
"podgorica ortopan","1","0","0%","3"
"maja đurović oftalmolog","1","1","100%","1"
"dr saša radović urolog","1","0","0%","1"
"miodrag radunovic","1","0","0%","4"
"gavra vukovića 1, 81000","1","0","0%","3"
"olivera miketic","1","0","0%","2"
"runaplax 15 mg cena","1","0","0%","7"
"md nesterova cardiolog","1","0","0%","1"
"zubar kovacevic herceg novi","1","1","100%","1"
"dr maida psihijatar podgorica dom zdravlja","1","1","100%","1"
"mr is segment kičme","1","0","0%","6"
"bolnica meljina herceg novi","1","0","0%","1"
"popovic aleksandar psihologija","1","1","100%","2"
"dr.med saša radešić","1","0","0%","5"
"sasa djeciji urolog","1","1","100%","3"
"doktorka emilija delević","1","1","100%","1"
"coldrex sumsko voce","1","0","0%","9"
"dr bogdanovic dragana","1","0","0%","2"
"montenegro physio therapeut nationalmannschafdt","1","0","0%","9"
"stanislava zubac višnjić","1","0","0%","2"
"dragoslav tomanovic","1","0","0%","8"
"dr aleksandar kujović","1","0","0%","5"
"nativni snimak","1","0","0%","7"
""msct kalcium" pécs","1","0","0%","9"
"hematolog dr miketic","1","2","200%","2"
"barovic oftamolog","1","1","100%","1"
"predrag jovovic","1","0","0%","5"
"plazma crna gora","1","0","0%","2"
"dnevna bolnica optimal adresa","1","0","0%","8"
"meljina bolnica","1","1","100%","1"
"pilfud sprej dosage","1","0","0%","8"
"ordinacija kerber","1","0","0%","5"
"zejnelovic bar","1","0","0%","5"
"a3 klinica","1","0","0%","7"
"dr milos obradovic","1","0","0%","1"
"dr čejović plasticna hirurgija","1","0","0%","3"
"lakovic cetinje","1","0","0%","3"
"snup d (1mg/ml+50mg/ml) sprej za nos za odrasle 10ml","1","0","0%","7"
"humna reprodukcija buva","1","1","100%","1"
"milmedika medical center porto","1","0","0%","9"
"buta stanko doktor","1","0","0%","8"
"olga ruskinja živi u podgorici","1","0","0%","8"
"kardiolog bar crna gora","1","0","0%","2"
"lenzetto  1.53mg/potisak translation","1","0","0%","8"
"vladimir janjic doktor","1","0","0%","6"
"jadran bandic dermatolog","1","0","0%","9"
"dr enes slavković","1","0","0%","2"
"kiretman","1","0","0%","4"
"dr tamara milenkaya","1","0","0%","1"
"branko lutovac nefrolog","1","0","0%","4"
"bolnica kotor odeljenja","1","0","0%","11"
"paunovic marinko","1","0","0%","1"
"rtg lijevog rucnog zgloba","1","0","0%","8"
"klinike za azospermiju i tablete prag","1","0","0%","3"
"milmedika ppdgorica","1","0","0%","3"
"dr vesna dzuverovic pljevlja","1","0","0%","2"
"nenad stepic plastic surgeon","1","1","100%","2"
"tregona d 5 mg","1","3","300%","6"
"miozitis panel prosireni","1","0","0%","7"
"ginekolog snežana grbović sekulić podgorica","1","0","0%","9"
"gino doktanol","1","0","0%","7"
"prof. dr nebojša tasić","1","0","0%","10"
"novi standard bar","1","1","100%","1"
"mensa medica tivat","1","0","0%","4"
"pzu milmedika - budva","1","0","0%","4"
"vranes bar","1","1","100%","1"
"milmedika tıvat","1","0","0%","3"
"pistula montenegro","1","0","0%","5"
"klinika filipovic snimanje dekse","1","0","0%","5"
"spa medica kortizol inekcija cijena","1","0","0%","3"
"dr milena dapcevic","1","1","100%","5"
"dr.aleksandar filipović/ štitna žlj.","1","1","100%","3"
"milmedika logovanje","1","0","0%","10"
"alerix 120 mg tablets","1","0","0%","6"
"formular uputnica za papa test crna gora","1","0","0%","2"
"aesthetic medical clinic tivat, montenegro","1","0","0%","6"
"nikola dr bakic","1","0","0%","2"
"dr abdic","1","0","0%","1"
"lunata 5mg","1","0","0%","10"
"smartmed podgorica cenovnik","1","1","100%","5"
"dr arsenije radunvic neurohirurg","1","1","100%","1"
"sukovic milija podgorica","1","0","0%","8"
"orl lekar dom zdravlja budva","1","1","100%","5"
"specijalna bolnica „vaso ćuković“ risan","1","0","0%","2"
"dr snezana crngor","1","0","0%","1"
"sasa radovic podgorica","1","1","100%","3"
"perunicic neurolog","1","0","0%","2"
"prof dr aleksandra arandjelovic","1","1","100%","2"
"oftanoloska klinika raonic podgorica","1","0","0%","5"
"special hospital risan kotor","1","0","0%","4"
"mersid beg corovic","1","0","0%","3"
"jakavi 15mg turki","1","0","0%","4"
"lymealert crna gora","1","0","0%","3"
"mosaic medical tivat","1","0","0%","7"
"radiologija mašulovic","1","1","100%","1"
"vestibulometrija","1","0","0%","5"
"gacina zubna","1","1","100%","2"
"dr adonis miljuš","1","1","100%","2"
"dr mica ordinacija","1","0","0%","4"
"dr aleksandra spasić","1","0","0%","5"
"special hostipal risan kotor","1","0","0%","5"
"fowler sabinu total hearing loss","1","1","100%","9"
"luka andjelic ginekolog","1","0","0%","3"
"dr oleg laković","1","0","0%","1"
"zejnilovic ordinacija bar","1","0","0%","7"
"dilkoran","1","0","0%","8"
"todorovic clinic hospital montenegro","1","1","100%","1"
"dr danijela stojanović","1","0","0%","8"
"dr aleksandar magdelinic","1","1","100%","2"
"đorđije šaranaović","1","1","100%","9"
"dusko markovic dr","1","1","100%","2"
"kardiologie artzt der serbisch spricht","1","0","0%","4"
"kñinika danica vlado vuceljic","1","0","0%","3"
"dragica milikic","1","1","100%","6"
"moj lab pediatrija","1","0","0%","10"
"vakumska biopsija dojke bez ph","1","0","0%","3"
"ad medik sutomore","1","1","100%","2"
"radonji rematolog niksic","1","0","0%","3"
"poliklinika malbaski","1","2","200%","8"
"sofija ivanovic italija dr marija djurovic","1","0","0%","8"
"kateholamini u plazmi analizi","1","0","0%","9"
"formular uputnice za papa test crna gora","1","0","0%","2"
"hepathrombin h 120 i.j. + 1.675 mg + 30 mg supozitorija","1","0","0%","3"
"dr debelja","1","1","100%","1"
"dr marija radiologija iors","1","0","0%","2"
"c1 inaktivator","1","0","0%","7"
"ognjen jovicevic","1","0","0%","3"
"dr aleksandar popović","1","0","0%","7"
"poliklinika tivat","1","0","0%","5"
"ko je najbolji oralni hirurg u podgorici","1","1","100%","5"
"hirurgija berane","1","0","0%","2"
"rafmila bulatović","1","0","0%","8"
"poliklinika radovic podgorica","1","0","0%","2"
"mri clinics in tivat montenegro","1","0","0%","10"
"cena pregleda kod dr igora jeremica","1","0","0%","6"
"denture reparation price in kotor montenegro","1","0","0%","8"
"a3 sutimore","1","0","0%","6"
"lipo suction montenegro","1","1","100%","1"
"vlado popovic risan","1","0","0%","2"
"emilija djelevic iskustva","1","1","100%","2"
"tel fiksni bolnice meljine","1","1","100%","2"
"certificate standard klinika","1","0","0%","2"
"biopsija vagine klinike","1","0","0%","3"
"meljine” (herceg novi) private hospital","1","0","0%","4"
"atečment","1","0","0%","10"
"r emil nasufovic biografiju","1","0","0%","3"
"formular uputnica za papa test crna gora u","1","1","100%","2"
"nenad radovic urolog podgorica","1","2","200%","1"
"lekalate#N#ler","1","0","0%","2"
"a3 medical hospital montenegro","1","0","0%","8"
"barović estetik","1","0","0%","4"
"standard poliklinika bar","1","0","0%","2"
"datum rodjenja dr sinisa glumicic","1","0","0%","7"
"pepticaid namena","1","1","100%","2"
"hypolip 20","1","0","0%","4"
"marina daletic","1","1","100%","1"
"dr roganović neurolog","1","0","0%","5"
"raško drašković kardiolog","1","0","0%","3"
"dom zdravlja herceg novi mapa","1","0","0%","4"
"eliquis 2.5 mg srbija cena","1","1","100%","5"
"dr vladimir vuceljic","1","0","0%","6"
"a. djordjevic-dikic filetype:html","1","0","0%","3"
"aspirin comple hot drink g_30mg 500mg 10 2_78g,dep oral l ord unit dose powders,acetylsalicylic acid _ pseudoephedrine","1","0","0%","9"
"dr alma crnovrsanin","1","1","100%","1"
"buntic ordinacija cenovnik","1","0","0%","4"
"mil medica podgorica","1","0","0%","3"
"branisalav todorović onkolog","1","0","0%","1"
"dexamethason kraka prieks kam na srpskom v","1","0","0%","8"
"miljan zindović podgorica hirurg gastroenterologije u codra","1","1","100%","2"
"dr mr sci. med. saša radović","1","1","100%","1"
"ezrusta film used for","1","0","0%","9"
"luča medic","1","0","0%","2"
"brca testiranje prostata  podgorica","1","1","100%","2"
"velibor milošević gastroenetrolog","1","1","100%","1"
"dr djukic crna gora","1","0","0%","2"
"tea dakic","1","0","0%","4"
"specijalna bolnica vaso cukovic risan ortopedija radno vrijeme ambulanta dr.ivo ivanovic 2026","1","0","0%","3"
"dr.jadranka tripovic opsta bolnica kotor","1","0","0%","5"
"novi standart poliklinika u baru","1","0","0%","5"
"biopsija dojke podgorica klinika","1","0","0%","1"
"duo sona gel bih","1","1","100%","4"
"gdje u zg izvaditi serotonin u 24 h urinu","1","1","100%","6"
""memalis" med drug class","1","0","0%","8"
"tim lijecnikamedical glumicic group","1","0","0%","6"
"dom zdrav;ja tivat sanitarnio pregled","1","1","100%","2"
"nelica ivanovic radovic","1","1","100%","1"
"dr marija djurovic.","1","0","0%","1"
"gordana ristić bašović","1","0","0%","2"
"doktor dabovic","1","3","300%","1"
"acrylic denture kotor","1","0","0%","3"
"plasticna hirurgija podgorica","1","0","0%","4"
"radosava burića sofija","1","1","100%","1"
"gynec doctor surgeon","1","0","0%","2"
"ginekolog milana podgorica","1","1","100%","1"
"fovelid 500","1","0","0%","5"
"klinički centar crne gore doktor pesic","1","0","0%","2"
"stanicid 2%","1","0","0%","8"
"nada ratkovic nefrolog","1","0","0%","5"
"mikrodelecije y hromozoma","1","0","0%","8"
"dr krnjević endokrinolog","1","1","100%","1"
"rade kaludjerovic","1","0","0%","2"
"ortoped borovinic","1","1","100%","1"
"dental studio vucetic dobrota","1","0","0%","5"
"glaumol","1","0","0%","6"
"andol 300 sa kojim ljekom je slican u evropi","1","0","0%","10"
"analize tati","1","0","0%","3"
"klinika filipovic kontakt","1","1","100%","5"
"goran mandic lege","1","1","100%","2"
"advokat zecevic budva","1","0","0%","9"
"prof nenad stepic","1","0","0%","2"
"colombia dr. enzo rivera","1","0","0%","5"
"medojević jelena bulevar knjaza danila petrovića br.13/23","1","0","0%","7"
"dr.rasković meljine","1","0","0%","4"
"djordje krnjevic endokrinolog","1","0","0%","2"
"olga od rusije živi u podgorici","1","0","0%","4"
"sne\ana vujo[evi' dr","1","1","100%","5"
"dr ana popovic","1","1","100%","1"
"laki lanci lambda","1","0","0%","5"
"dr danijela djurovic raonic","1","0","0%","6"
"stomatolog veselinovic","1","0","0%","3"
"dr pulmolog zoja stankovic","1","4","400%","1"
"dental studia gacina, bar","1","0","0%","1"
"dr milic kotor","1","0","0%","4"
"podiatrist podgorica","1","2","200%","1"
"mil medika tivay","1","0","0%","3"
"resekcija tankog creva sa anastomazom","1","1","100%","3"
"stomatoloska ordinacija dr cetkovic dobrota","1","0","0%","4"
"dr kujović","1","0","0%","3"
"deksalgin gel da li ima u crnojh gori","1","1","100%","1"
"djurovic kodra","1","0","0%","5"
"podgorica clinical maternity clinic","1","0","0%","3"
"ginekologoja podogrica","1","0","0%","2"
"bakic mira slike","1","0","0%","3"
"dr mitar radulović urgentna medicina","1","0","0%","1"
"specijalna bolnica vaso cukovic","1","0","0%","2"
"filipovic zakazivanje","1","1","100%","1"
"dučić ortoped","1","0","0%","6"
"in vitro laboratorija podgorica","1","0","0%","9"
"prof dr nebojša tasić","1","0","0%","8"
"lunata tablete","1","0","0%","7"
"milmedika tivat recenzije","1","1","100%","1"
"d dolista","1","0","0%","5"
"sladjana filimanovic","1","0","0%","2"
"dr ana popović dermatolog onkolog","1","1","100%","1"
"milmedika kontakt","1","0","0%","3"
"olivera miketic endokrinolog","1","0","0%","1"
"antoaneta adžić zečević dr","1","1","100%","1"
"milan vujnovic dr med","1","1","100%","1"
"dr zorica rabrenović","1","1","100%","1"
"difuzija gasova podgorica","1","1","100%","1"
"ginekolozi vesna","1","0","0%","1"
"maja radic radiolog","1","1","100%","2"
"uksovic podgorica","1","0","0%","2"
"igor georgijev doktor","1","0","0%","9"
"hbp","1","0","0%","3"
"hirurg pericva maras","1","0","0%","3"
"esma banda","1","0","0%","5"
"milmedika budva kontakt","1","0","0%","7"
"rendgen u maloj piramidi na","1","0","0%","5"
"ezrusta 20+10 islustva","1","0","0%","8"
"filip pilipovic ortoped","1","0","0%","9"
"mil medica laboratorija city kvart","1","0","0%","2"
"tivat port nearest medical clinic","1","0","0%","3"
"dr dragana denic neurolog","1","0","0%","6"
"danijela stojanović podgorica šef","1","1","100%","1"
"asutimore prosthesis","1","0","0%","2"
"ordinacija milic tivat","1","0","0%","1"
"amputacija rektuma po miles-u","1","0","0%","4"
"zilha idrizovic","1","0","0%","2"
"lymealert crna gora montenegro","1","0","0%","7"
"dr aleksandra dudvarski illic reviews uk","1","0","0%","10"
"tilseptin","1","0","0%","3"
"marija bozovic ginekolog","1","1","100%","7"
"neuroloske klinike podgorica","1","0","0%","3"
"dr šoć podgorica","1","2","200%","1"
"gemelli montenegro plastic surgergoans","1","0","0%","5"
"kotkor cardiologist","1","0","0%","5"
"dr nenad urolog kccg","1","0","0%","1"
"korekcija teskog  pectus carinatum sa hiruskom pristupom","1","0","0%","4"
"operacija štitne žlj. /podgorica/cijena","1","1","100%","1"
"dental studio vucetic kotor","1","0","0%","3"
"dr lbujica ruzic montenegro","1","0","0%","4"
"smartmed podgorica cenovnik za ginekologiju","1","0","0%","6"
"doktor zindovuc budva","1","0","0%","2"
"predrag jovovic ginekolog","1","1","100%","2"
"mayersov koktel infuzija","1","0","0%","7"
"sotir bratu dentist","1","1","100%","1"
"kovacevic dentins herceg novi","1","1","100%","1"
"sanja medenica doktor","1","0","0%","6"
"infectious disease doctor in montenagro","1","0","0%","2"
"cenovnik usluka smart med podgorica","1","0","0%","7"
"niksic fizioterapija","1","1","100%","3"
"milmedika radno vrijeme","1","0","0%","3"
"doktor urolog djordjije perovic","1","0","0%","1"
"sumedic  suzana uskoković","1","0","0%","9"
"ranka vucinic","1","1","100%","6"
"hirurg u budvi","1","0","0%","3"
"nebojsa bulatovich","1","0","0%","7"
"prostamol uno cijena crna gora","1","0","0%","1"
"budva medical center contact","1","0","0%","10"
"medikamente montenegro","1","0","0%","6"
"a3 klinika maps","1","0","0%","9"
"aleksandar popovic  psihijatar","1","2","200%","2"
"klinika kerber podorica","1","0","0%","2"
"zindovic hirurg","1","0","0%","1"
"dr bjanka božovic","1","1","100%","2"
