"Page","Impressions","Clicks","CTR","Avg. Position"
"https://docta.me/clinics/milmedika-niksic","112","5","4.46%","3.330358035714286"
"https://docta.me/clinics/milmedika-podgorica","94","1","1.06%","3.744678723404255"
"https://docta.me/clinics/milmedika-tivat","43","5","11.63%","5.488383720930233"
"https://docta.me/clinics/milmedika-tivat?lang=en","37","0","0%","5.378378378378378"
"https://docta.me/clinics/bolnica-meljine-herceg-novi","29","7","24.14%","2.5172206896551725"
"https://docta.me/clinics/a3-medical-sutomore","22","3","13.64%","4.590909090909091"
"https://docta.me/doctors/milan-popivoda","19","8","42.11%","1.8421052631578947"
"https://docta.me/doctors/vesna-colakovic-popovic?lang=en","18","0","0%","1.8333000000000002"
"https://docta.me/clinics/in-vitro-podgorica","16","1","6.25%","7.125"
"https://docta.me/clinics/smartmed-podgorica","15","1","6.67%","6.266666666666667"
"https://docta.me/clinics/poliklinika-filipovic-podgorica","15","5","33.33%","3.066666666666667"
"https://docta.me/clinics/64?lang=en","15","1","6.67%","4.600013333333334"
"https://docta.me/doctors/nebojsa-crnogorac","14","0","0%","8.85715"
"https://docta.me/clinics/dr-zejnilovic-pzu-dnevna-bolnica-bar","14","6","42.86%","2.3571500000000003"
"https://docta.me/","13","0","0%","4.384623076923077"
"https://docta.me/doctors/marija-djurovic","13","0","0%","4.000007692307692"
"https://docta.me/doctors/nikola-bulatovic","12","2","16.67%","4.916666666666667"
"https://docta.me/doctors/ljiljana-radulovic","12","1","8.33%","1.999975"
"https://docta.me/medicines/ramdopin-5mg-5mg","12","0","0%","6.833333333333333"
"https://docta.me/doctors/zindovic-miljan","11","3","27.27%","3.1818181818181817"
"https://docta.me/doctors/ana-popovic","10","5","50%","2"
"https://docta.me/doctors/djukic-ivan","10","1","10%","3.2"
"https://docta.me/clinics/specijalna-bolnica-za-ortopediju-neurohirurgiju-i-neurologiju-vaso-cukovic-risan","10","1","10%","3.7"
"https://docta.me/clinics/a3-medical-sutomore?lang=en","10","0","0%","4.3"
"https://docta.me/doctors/tijana-brandmajer?lang=en","10","1","10%","3.9000299999999997"
"https://docta.me/doctors/vesna-colakovic-popovic","10","0","0%","1.9"
"https://docta.me/medicines/rufixalo-20mg","9","0","0%","7.333344444444445"
"https://docta.me/doctors/vlado-popovic?lang=en","9","1","11.11%","2.4444444444444446"
"https://docta.me/medicines/dilcoran","9","0","0%","8.11111111111111"
"https://docta.me/doctors/milan-popivoda?lang=en","9","3","33.33%","2.1111"
"https://docta.me/medicines/trazem","8","0","0%","8.375"
"https://docta.me/clinics/milmedika-budva","8","0","0%","4.75"
"https://docta.me/clinics/rezidencija-zdravlja-kerber-podgorica","8","0","0%","5.25"
"https://docta.me/clinics/a-medic-plasticna-i-estetska-hirurgija","8","3","37.5%","2.875"
"https://docta.me/doctors/zindovic-miljan?lang=en","8","2","25%","1.25"
"https://docta.me/clinics/milmedika-budva?lang=en","8","0","0%","3.625"
"https://docta.me/doctors/aleksandar-juskovic?lang=en","8","2","25%","2.2499875"
"https://docta.me/medicines/wegovy-17mg","8","0","0%","1"
"https://docta.me/medicines/droksin-10mg-20mg","8","0","0%","7.375"
"https://docta.me/doctors/436","7","2","28.57%","5.857142857142857"
"https://docta.me/medicines/eliquis-25-mg","7","1","14.290000000000001%","4.428571428571429"
"https://docta.me/doctors/vlado-popovic","7","2","28.57%","1.7142857142857142"
"https://docta.me/medicines/olire","7","0","0%","7"
"https://docta.me/doctors/perovic-djordjije","7","4","57.14%","2"
"https://docta.me/doctors/arsenije-radunovic","7","3","42.86%","1.4285714285714286"
"https://docta.me/doctors/jovana-knezevic","7","0","0%","7.142857142857143"
"https://docta.me/clinics/dom-zdravlja-tivat","6","1","16.67%","3.6666666666666665"
"https://docta.me/clinics/dom-zdravlja-bar","6","0","0%","4"
"https://docta.me/doctors/bulatovic-radmila","6","0","0%","4.5"
"https://docta.me/clinics/endorfin-fizio-centar-niksic/reviews","6","0","0%","3.8333"
"https://docta.me/clinics/smartmed-kotor?lang=en","6","0","0%","2.5"
"https://docta.me/clinics/svjetlost-eye-clinic-budva","6","0","0%","1.8333000000000002"
"https://docta.me/clinics/smartmed-kotor","6","1","16.67%","3.3333333333333335"
"https://docta.me/doctors/tatjana-motrenko-simic","6","2","33.33%","4.666666666666667"
"https://docta.me/doctors/zilha-idrizovic?lang=en","6","0","0%","2.66665"
"https://docta.me/doctors/dragana-kastratovic","5","1","20%","3"
"https://docta.me/services/pupillometry?lang=sr-cyrl","5","0","0%","70"
"https://docta.me/doctors/sasa-radovic?lang=en","5","3","60%","2.6"
"https://docta.me/doctors/olivera-miketic?lang=en","5","1","20%","3.6"
"https://docta.me/doctors/dzihad-pepic","5","3","60%","1"
"https://docta.me/doctors?clinicIds=65&specialtyIds=88","5","1","20%","2"
"https://docta.me/doctors/aleksandar-magdelinic","5","1","20%","2.6"
"https://docta.me/services/pupillometry?lang=de","5","0","0%","74"
"https://docta.me/doctors/marko-borovinic","5","3","60%","2.8"
"https://docta.me/clinics/a3-medical-sutomore?lang=de","5","0","0%","3.8"
"https://docta.me/medicines/criteo-50mg","4","0","0%","7.5"
"https://docta.me/services?serviceCategoryIds=22&cityIds=2","4","2","50%","1.500025"
"https://docta.me/doctors/zeljko-zecevic","4","2","50%","1.5"
"https://docta.me/doctors/aleksandar-zekic","4","0","0%","4.25"
"https://docta.me/doctors/nikola-delevic","4","1","25%","2.5"
"https://docta.me/doctors/sandra-vujovic","4","1","25%","1"
"https://docta.me/doctors/marija-erakovic","4","0","0%","1.25"
"https://docta.me/doctors/marina-vujovic","4","0","0%","1.75"
"https://docta.me/clinics/milmedika-niksic/services","4","0","0%","4.75"
"https://docta.me/doctors/vucinic-ranka","4","2","50%","3.5"
"https://docta.me/doctors/vladimir-vuceljic","4","1","25%","3.25"
"https://docta.me/doctors/maida-burdzovic","4","3","75%","1"
"https://docta.me/medicines/memalis-10mg","4","0","0%","7.5"
"https://docta.me/doctors/zeljka-rogac","4","0","0%","9"
"https://docta.me/doctors/oleg-lakovic?lang=en","4","2","50%","1.5"
"https://docta.me/medicines/pepticaid-40mg-3215","4","5","125%","2.999975"
"https://docta.me/medicines/paravano-10mg","4","0","0%","7.25"
"https://docta.me/services/infusion-therapy?lang=en","4","0","0%","3.5"
"https://docta.me/doctors/boris-djurovic","4","0","0%","1.500025"
"https://docta.me/doctors/maras-perica","4","0","0%","4"
"https://docta.me/clinics/dental-studio-gacina","4","2","50%","1.25"
"https://docta.me/clinics/15?lang=en","4","0","0%","3.75"
"https://docta.me/doctors/353?lang=en","3","2","66.67%","2.3333"
"https://docta.me/clinics/doktorica-mica-pedijatrijski-centar?lang=en","3","0","0%","4.333333333333333"
"https://docta.me/doctors/aleksandar-simic","3","1","33.33%","3"
"https://docta.me/doctors/emilija-delevic","3","3","100%","1.6666666666666667"
"https://docta.me/medicines/cardiopirin-75mg","3","0","0%","6.3333"
"https://docta.me/doctors/marko-buta","3","1","33.33%","5.6667"
"https://docta.me/doctors/aligrudic-velisa","3","0","0%","9.3333"
"https://docta.me/doctors/zdravkovic-rajko?lang=en","3","0","0%","3"
"https://docta.me/doctors/latkovic-danijela","3","0","0%","4"
"https://docta.me/doctors/sosnovska-tatjana","3","0","0%","10"
"https://docta.me/clinics/opsta-bolnica-bijelo-polje","3","0","0%","4.333333333333333"
"https://docta.me/doctors/jadran-bandic","3","0","0%","8.333333333333334"
"https://docta.me/doctors/enzo-jose-rivera-citarella?lang=en","3","1","33.33%","9.333333333333334"
"https://docta.me/doctors/velibor-majic","3","1","33.33%","1"
"https://docta.me/doctors/milena-pupovic","3","0","0%","1.6666999999999998"
"https://docta.me/doctors/antoaneta-adzic-zecevic","3","2","66.67%","1"
"https://docta.me/doctors/radojicic-jelena?lang=en","3","1","33.33%","1.3333"
"https://docta.me/medicines/ezrusta-20mg-10mg","3","0","0%","8.333333333333334"
"https://docta.me/doctors/dragoslav-tomanovic","3","0","0%","5.333333333333333"
"https://docta.me/doctors/filip-pilipovic","3","0","0%","7"
"https://docta.me/doctors/","3","1","33.33%","4"
"https://docta.me/doctors/marjana-djordjevic","3","2","66.67%","3.3333333333333335"
"https://docta.me/clinics/dom-zdravlja-herceg-novi","3","0","0%","7"
"https://docta.me/doctors/damir-muhovic?lang=en","3","0","0%","3.6666666666666665"
"https://docta.me/doctors/igor-jeremic","3","0","0%","6.333333333333333"
"https://docta.me/services/soft-tissue-ultrasound?cityIds=1","3","0","0%","1"
"https://docta.me/clinics/2?lang=en","3","0","0%","4.666666666666667"
"https://docta.me/clinics/bonomedica-budva","3","0","0%","4.666666666666667"
"https://docta.me/clinics/oftalmoloski-centar-dr-raonic-podgorica","3","0","0%","6.666666666666667"
"https://docta.me/services/laparoscopic-liver-biopsy","3","2","66.67%","3.3333333333333335"
"https://docta.me/doctors/grupkovic-saska","3","1","33.33%","2"
"https://docta.me/services/esophagogastroduodenoscopy-with-dilatation","3","2","66.67%","4.6667"
"https://docta.me/services/thyroidectomy","3","3","100%","1.3333333333333333"
"https://docta.me/doctors/sanja-borozan","3","1","33.33%","2"
"https://docta.me/doctors/svetlana-kocic","3","1","33.33%","1"
"https://docta.me/doctors/601?lang=en","3","1","33.33%","10"
"https://docta.me/clinics/moj-lab-pedijatria-podgorica","3","0","0%","7"
"https://docta.me/medicines/medazol-400mg-tablete","3","0","0%","4"
"https://docta.me/clinics/orl-klinika-dr-barjaktarovic-herceg-novi","3","1","33.33%","2"
"https://docta.me/doctors/bjekovic-tatjana?lang=en","3","1","33.33%","6"
"https://docta.me/medicines/sona-duo-1mgg-25mgg-2150","3","1","33.33%","7.333333333333333"
"https://docta.me/doctors/ivana-micevic","3","1","33.33%","1.3333"
"https://docta.me/doctors/visnjic-stanislava","3","1","33.33%","2.6667"
"https://docta.me/doctors/sanja-medenica","3","0","0%","5.333333333333333"
"https://docta.me/doctors/aleksandra-bozovic-celebic","3","1","33.33%","1.6666999999999998"
"https://docta.me/doctors/radovic-nenad","3","2","66.67%","1.3333333333333333"
"https://docta.me/doctors/predrag-dabovic","3","5","166.67000000000002%","1"
"https://docta.me/doctors?lang=en","3","0","0%","4"
"https://docta.me/doctors/vladimir-todorovic","3","1","33.33%","1"
"https://docta.me/labtests/nail-swab-fungi","3","0","0%","6.3333"
"https://docta.me/doctors/tea-dakic?lang=en","3","0","0%","8"
"https://docta.me/clinics/vase-zdravlje-podgorica","3","1","33.33%","6.6667"
"https://docta.me/doctors/aleksandar-popovic","3","3","100%","3.6666666666666665"
"https://docta.me/services/right-hemicolectomy-with-anastomosis","3","2","66.67%","7"
"https://docta.me/doctors/slavisa-perunicic","3","1","33.33%","2"
"https://docta.me/clinics/humana-reprodukcija-budva?lang=en","3","0","0%","4.666666666666667"
"https://docta.me/doctors/suzana-uskokovic?lang=en","3","2","66.67%","3.6666666666666665"
"https://docta.me/doctors/luka-borovinic","3","1","33.33%","3.6666666666666665"
"https://docta.me/services/shoulder-reposition","3","0","0%","2.6667"
"https://docta.me/doctors/696","3","1","33.33%","4"
"https://docta.me/doctors/branko-lutovac?lang=en","3","1","33.33%","5.666666666666667"
"https://docta.me/services/ecg?lang=en","3","1","33.33%","3.3333"
"https://docta.me/services/nipple-reduction","3","1","33.33%","8.3333"
"https://docta.me/?lang=de","3","0","0%","5.666666666666667"
"https://docta.me/medicines/doreta-75mg-650mg-1480","3","2","66.67%","1.6666666666666667"
"https://docta.me/clinics","3","0","0%","4.6667"
"https://docta.me/doctors/nelica-ivanovic-radovic","2","2","100%","1.5"
"https://docta.me/labtests/drug-panel-10-ii?lang=en","2","0","0%","5"
"https://docta.me/clinics/a3-medical-sutomore/doctors","2","0","0%","2"
"https://docta.me/clinics/ars-medica-specijalna-bolnica","2","1","50%","4"
"https://docta.me/doctors/milija-sukovic","2","1","50%","5.5"
"https://docta.me/doctors/danilo-radunovic","2","1","50%","4"
"https://docta.me/doctors/milacic-bojan","2","1","50%","10"
"https://docta.me/doctors/marija-petricevic","2","1","50%","1"
"https://docta.me/services/electrocoagulation-cervix","2","0","0%","5"
"https://docta.me/services/gynecological-subspecialist-examination-with-ultrasound?lang=en","2","0","0%","10"
"https://docta.me/doctors/milica-marovic","2","1","50%","2"
"https://docta.me/doctors/dragan-masulovic","2","1","50%","3.5"
"https://docta.me/doctors/janjic-vladimir","2","1","50%","5"
"https://docta.me/labtests/borrelia-burgdorferi-igg-igm-panel","2","0","0%","5"
"https://docta.me/doctors/dervisevic-sezana","2","0","0%","7"
"https://docta.me/doctors/alma-crnovrsanin?lang=en","2","1","50%","1"
"https://docta.me/clinics/dental-studio-vucetic","2","0","0%","4"
"https://docta.me/doctors/suzana-uskokovic","2","1","50%","1.5"
"https://docta.me/doctors/sabahudin-pupovic?lang=en","2","1","50%","2.5"
"https://docta.me/doctors/nikola-barovic","2","0","0%","4"
"https://docta.me/doctors/marina-ratkovic","2","0","0%","3"
"https://docta.me/services/vestibular-plate","2","0","0%","2"
"https://docta.me/services/primary-hand-extensor-tendon-repair","2","1","50%","6.5"
"https://docta.me/doctors/milana-soc","2","1","50%","1.5"
"https://docta.me/clinics/humana-reprodukcija-budva","2","1","50%","4.5"
"https://docta.me/services/hickman-permanent-dialysis-catheter-placement","2","1","50%","6"
"https://docta.me/doctors/oleg-lakovic","2","0","0%","1"
"https://docta.me/doctors/vukadinovic-snezana","2","1","50%","3"
"https://docta.me/labtests/pap-papanicolaou-test","2","1","50%","2"
"https://docta.me/doctors/nenad-stepic?lang=en","2","1","50%","2"
"https://docta.me/insurance-companies/sava","2","0","0%","8.5"
"https://docta.me/doctors/mitic-lakusic-vesna","2","1","50%","3"
"https://docta.me/doctors/almir-rebronja","2","1","50%","1.5"
"https://docta.me/services/doppler-neck-blood-vessels","2","0","0%","10"
"https://docta.me/doctors/jelena-milonjic?lang=sr-cyrl","2","2","100%","2"
"https://docta.me/doctors/drasko-vukovic","2","2","100%","1.5"
"https://docta.me/doctors/lidija-ljubisa-maslovar","2","0","0%","10"
"https://docta.me/doctors/novosel-dusanka","2","0","0%","3.5"
"https://docta.me/clinics/specijalna-bolnica-za-psihijatriju-dobrota-kotor?lang=en","2","0","0%","6"
"https://docta.me/services/abdomen-ultrasound","2","0","0%","1.5"
"https://docta.me/services/capillaroscopy?lang=en","2","0","0%","4"
"https://docta.me/clinics/primus-medical-podgorica","2","0","0%","9"
"https://docta.me/doctors/djurovic-dragan?lang=en","2","0","0%","3.5"
"https://docta.me/medicines/vigamox","2","1","50%","1"
"https://docta.me/clinics/altabella-health-beauty-studio-budva","2","0","0%","7.5"
"https://docta.me/doctors/snezana-vujosevic?lang=en","2","2","100%","3"
"https://docta.me/services/holter-ecg-24h?lang=en","2","0","0%","7"
"https://docta.me/doctors/biljana-andrijasevic","2","0","0%","1.5"
"https://docta.me/doctors/milena-dapcevic","2","1","50%","5"
"https://docta.me/services/partial-denture?lang=en","2","0","0%","5.5"
"https://docta.me/doctors/dragana-kastratovic?lang=en","2","0","0%","3"
"https://docta.me/labtests/protia-allergy-q64-inhalation-panel-64-allergens?lang=en","2","0","0%","10"
"https://docta.me/doctors/danijela-katic","2","2","100%","2"
"https://docta.me/doctors/danijela-stojanovic","2","0","0%","7"
"https://docta.me/?lang=en","2","0","0%","6"
"https://docta.me/services/3208","2","0","0%","7"
"https://docta.me/doctors/vojislav-parezanovic","2","0","0%","4"
"https://docta.me/doctors/aleksandra-lakovic-tatar?lang=en","2","1","50%","2"
"https://docta.me/doctors/baris-erturk","2","0","0%","4.5"
"https://docta.me/clinics/poliklinika-natal-podgorica?lang=en","2","0","0%","2.5"
"https://docta.me/doctors/eri-zivka","2","1","50%","10"
"https://docta.me/services/breast-biopsy","2","0","0%","1"
"https://docta.me/doctors/vladimirov-milan","2","0","0%","2"
"https://docta.me/clinics/ortopedija-aligrudic-podgorica","2","0","0%","10"
"https://docta.me/doctors/aleksandar-kujovic","2","0","0%","4"
"https://docta.me/doctors/emil-nasufovic","2","0","0%","2"
"https://docta.me/clinics/smartmed-podgorica?lang=en","2","0","0%","2"
"https://docta.me/medicines/alerix?lang=en","2","0","0%","8"
"https://docta.me/doctors/biljana-popovic","2","2","100%","1"
"https://docta.me/doctors/sinisa-ducic","2","0","0%","7"
"https://docta.me/medicines/bactrim","2","0","0%","5"
"https://docta.me/clinics/moj-lab-pedijatria-podgorica?lang=en","2","0","0%","6.5"
"https://docta.me/services/x-ray-urinary-tract-native","2","0","0%","7"
"https://docta.me/clinics/rezidencija-zdravlja-kerber-podgorica?lang=en","2","0","0%","3.5"
"https://docta.me/clinics/hipokrat-poliklinika-niksic","2","1","50%","2"
"https://docta.me/doctors/mirjana-rasljic","2","0","0%","4"
"https://docta.me/doctors/45?lang=en","2","0","0%","2"
"https://docta.me/labtests/c1-inactivator","2","0","0%","4.5"
"https://docta.me/services/blood-vessels-doppler","2","1","50%","1"
"https://docta.me/clinics/konzilijum-poliklinika-i-bolnica-podgorica","2","0","0%","4.5"
"https://docta.me/doctors/darko-radinovic","2","1","50%","5.5"
"https://docta.me/doctors/danijela-stojanovic?lang=en","2","2","100%","1.5"
"https://docta.me/doctors/marijan-popovic","2","1","50%","1"
"https://docta.me/clinics/ginekoloska-ordinacija-dr-soc-podgorica","2","2","100%","1.5"
"https://docta.me/clinics/67","2","0","0%","6"
"https://docta.me/labtests/spermogram","2","0","0%","6.5"
"https://docta.me/login?lang=de","2","0","0%","2"
"https://docta.me/medicines/gabapreg-150-mg","2","0","0%","5"
"https://docta.me/doctors/tatjana-nesterova?lang=en","2","0","0%","1.5"
"https://docta.me/doctors/dusanka-radovic","2","0","0%","4"
"https://docta.me/medicines/glaumol","2","0","0%","9.5"
"https://docta.me/services/prostate-biopsy","2","1","50%","2"
"https://docta.me/clinics/opsta-bolnica-kotor","2","0","0%","8"
"https://docta.me/clinics/dr-veselinovic-stomatoloska-klinika","2","0","0%","2"
"https://docta.me/medicines/dexamethason-krka","2","0","0%","7"
"https://docta.me/doctors/marijan-popovic?lang=en","2","0","0%","2.5"
"https://docta.me/doctors/ruzica-maksimovic?lang=en","2","0","0%","5"
"https://docta.me/doctors/snezana-pavicevic","2","2","100%","1.5"
"https://docta.me/medicines/optivag","2","0","0%","7"
"https://docta.me/clinics/ordinacija-balans-niksic","2","0","0%","2.5"
"https://docta.me/doctors/zilha-idrizovic","2","0","0%","7.5"
"https://docta.me/clinics/opsta-bolnica-berane/doctors","2","0","0%","3"
"https://docta.me/doctors/ana-bulatovic?lang=en","2","1","50%","2"
"https://docta.me/services/extraction-of-semi-impacted-or-impacted-tooth?lang=en","2","0","0%","9"
"https://docta.me/doctors/mira-bakic","2","0","0%","2"
"https://docta.me/medicines/rapten-forte-20mgg-2932","2","1","50%","6"
"https://docta.me/doctors/djordjije-krnjevic?lang=en","2","1","50%","1.5"
"https://docta.me/services/x-ray-hemithorax","2","0","0%","3.5"
"https://docta.me/clinics/in-vitro-podgorica?lang=en","2","0","0%","6"
"https://docta.me/doctors/djordjevic-dikic-ana","2","0","0%","4"
"https://docta.me/medicines/lunata-5mg","2","0","0%","8.5"
"https://docta.me/doctors/djurisic-borislav-miso?lang=de","2","0","0%","8"
"https://docta.me/medicines/snup-d-1mgml-50mgml","2","0","0%","8"
"https://docta.me/doctors/297?lang=en","1","1","100%","2"
"https://docta.me/services/diffusion-and-spirometry","1","1","100%","1"
"https://docta.me/services?serviceCategoryIds=29&cityIds=1","1","1","100%","3"
"https://docta.me/doctors/crnogorac-snezana","1","0","0%","1"
"https://docta.me/doctors/homjakova-tatjana?lang=de","1","0","0%","4"
"https://docta.me/services/msct-calcium-score?lang=en","1","0","0%","9"
"https://docta.me/clinics/12?lang=en","1","0","0%","2"
"https://docta.me/doctors/nina-milosevic-stojanovic","1","1","100%","1"
"https://docta.me/clinics/dr-filimanovic-stomatoloska-ordinacija-podgorica","1","0","0%","3"
"https://docta.me/medicines/nubeqa","1","0","0%","9"
"https://docta.me/medicines/hepathrombin-h-120-ij-1675-mg-30-mg","1","0","0%","3"
"https://docta.me/doctors/mirjana-gotic?lang=en","1","0","0%","5"
"https://docta.me/clinics/medical-vranes-bar","1","1","100%","1"
"https://docta.me/clinics/bellavista-stomatoloska-ordinacija/reviews","1","1","100%","3"
"https://docta.me/medicines/pilfud-50-mgml","1","0","0%","8"
"https://docta.me/doctors/maja-djurovic","1","1","100%","1"
"https://docta.me/doctors/vanja-matanovic","1","0","0%","3"
"https://docta.me/doctors/milica-markovic-vlaisavljevic?lang=en","1","1","100%","5"
"https://docta.me/labtests/alpha-1-antitrypsin","1","0","0%","5"
"https://docta.me/doctors/ivana-kalezic-vukovic","1","0","0%","6"
"https://docta.me/clinics/mansa-medica-tivat/services?lang=en","1","0","0%","4"
"https://docta.me/medicines/andol-300mg","1","0","0%","10"
"https://docta.me/doctors/toma-nisavic","1","1","100%","1"
"https://docta.me/medicines/refidoro-20mg-10mg","1","0","0%","9"
"https://docta.me/doctors/maja-radic","1","1","100%","2"
"https://docta.me/doctors/nikola-dimitrijevic?lang=en","1","0","0%","8"
"https://docta.me/services/penile-prosthesis-implantation?lang=en","1","0","0%","2"
"https://docta.me/doctors/adzic-milena","1","0","0%","8"
"https://docta.me/services/1956?lang=en","1","0","0%","8"
"https://docta.me/doctors/stefan-milivojevic","1","0","0%","4"
"https://docta.me/doctors/velimir-milosevic","1","1","100%","1"
"https://docta.me/doctors/aleksandar-filipovic","1","1","100%","3"
"https://docta.me/doctors/marinko-b-paunovic","1","0","0%","1"
"https://docta.me/services?serviceCategoryIds=12&cityIds=1","1","0","0%","4"
"https://docta.me/doctors?clinicIds=65&specialtyIds=8","1","0","0%","3"
"https://docta.me/doctors/dragana-bogdanovic-stojanovic?lang=en","1","0","0%","2"
"https://docta.me/doctors/esma-banda?lang=en","1","0","0%","5"
"https://docta.me/medicines/faktu-10mgg-50mgg","1","0","0%","2"
"https://docta.me/doctors/nikitovic-nebojsa","1","0","0%","4"
"https://docta.me/doctors/405?lang=en","1","1","100%","1"
"https://docta.me/services/dental-implant-swiss?lang=en","1","0","0%","7"
"https://docta.me/clinics/80","1","2","200%","4"
"https://docta.me/doctors/gacevic-ivona?lang=en","1","0","0%","5"
"https://docta.me/medicines/vitamin-ad","1","0","0%","2"
"https://docta.me/doctors/goran-mandic","1","1","100%","2"
"https://docta.me/labtests/epstein-barr-igg-avidity","1","0","0%","8"
"https://docta.me/clinics/dental-esthetic-studio-dr-debelja?lang=en","1","1","100%","1"
"https://docta.me/services/lung-compliance-test","1","0","0%","10"
"https://docta.me/services/small-bowel-partial-resection-with-primary-anastomosis","1","1","100%","3"
"https://docta.me/doctors/aleksandar-vujicic","1","0","0%","7"
"https://docta.me/labtests/umbilicus-swab-fungi","1","0","0%","3"
"https://docta.me/doctors/marko-stoiljkov","1","1","100%","2"
"https://docta.me/medicines/alerix","1","0","0%","9"
"https://docta.me/services/pap-test-with-smear-collection","1","0","0%","2"
"https://docta.me/doctors/miketic-ivana","1","2","200%","2"
"https://docta.me/doctors/milan-vujnovic?lang=en","1","1","100%","1"
"https://docta.me/doctors/ivona-jelusic","1","0","0%","8"
"https://docta.me/services/2163?lang=de","1","1","100%","4"
"https://docta.me/doctors/dusan-babic","1","0","0%","2"
"https://docta.me/services/quick-aligner","1","1","100%","1"
"https://docta.me/doctors/marina-djaletic?lang=en","1","1","100%","1"
"https://docta.me/doctors/igor-georgijev?lang=en","1","0","0%","9"
"https://docta.me/doctors/milica-vusurovic?lang=en","1","0","0%","3"
"https://docta.me/doctors/milija-sukovic?lang=sr-cyrl","1","0","0%","6"
"https://docta.me/doctors/joksovic-mirjana","1","1","100%","1"
"https://docta.me/doctors/kalezic-milovan","1","0","0%","8"
"https://docta.me/services/microhybrid-composite-filling-two-surfaces?lang=en","1","0","0%","3"
"https://docta.me/doctors/markus-branko","1","0","0%","4"
"https://docta.me/doctors/mitar-radulovic","1","0","0%","1"
"https://docta.me/doctors/vladimir-todorovic?lang=en","1","1","100%","1"
"https://docta.me/doctors/sinisa-glumicic?lang=de","1","0","0%","7"
"https://docta.me/doctors/milos-stanojevic?lang=en","1","2","200%","1"
"https://docta.me/medicines/marocen?lang=en","1","1","100%","4"
"https://docta.me/medicines/farin","1","0","0%","5"
"https://docta.me/services/microhybrid-composite-filling-three-surfaces?lang=en","1","0","0%","1"
"https://docta.me/services/3771","1","1","100%","1"
"https://docta.me/doctors/enes-kolasinac","1","0","0%","2"
"https://docta.me/doctors/azra-begovic","1","1","100%","1"
"https://docta.me/doctors/ersan-basovic?lang=en","1","1","100%","7"
"https://docta.me/services/tongue-swab","1","0","0%","8"
"https://docta.me/medicines/gabapreg-50-mg","1","0","0%","8"
"https://docta.me/doctors/zorica-barac-otasevic?lang=en","1","1","100%","3"
"https://docta.me/clinics/klinicki-centar-crne-gore-podgorica","1","0","0%","7"
"https://docta.me/services/breast-ultrasound?lang=ru","1","1","100%","2"
"https://docta.me/clinics/dnevna-bolnica-optimal-podgorica","1","0","0%","8"
"https://docta.me/doctors/zaev-andrej","1","1","100%","4"
"https://docta.me/doctors/vladan-barovic","1","1","100%","1"
"https://docta.me/doctors/vesna-dujovic","1","0","0%","2"
"https://docta.me/doctors/emil-nasufovic?lang=en","1","0","0%","8"
"https://docta.me/services/perianal-fistula-surgery?lang=en","1","0","0%","5"
"https://docta.me/medicines/tilseptin","1","0","0%","5"
"https://docta.me/doctors/nada-cicmil-saric","1","0","0%","8"
"https://docta.me/services/4081","1","0","0%","5"
"https://docta.me/doctors/jelena-popovic?lang=en","1","1","100%","4"
"https://docta.me/doctors/jelena-radovic","1","0","0%","5"
"https://docta.me/medicines/glaumol?lang=en","1","0","0%","6"
"https://docta.me/clinics/sumedica-podgorica","1","0","0%","6"
"https://docta.me/services/medical-certificate-for-professional-drivers","1","0","0%","10"
"https://docta.me/doctors/dragan-tavciovski","1","0","0%","3"
"https://docta.me/medicines/coldrex-maxgrip-sumsko-voce-sa-mentolom","1","0","0%","9"
"https://docta.me/doctors/medenica-milic?lang=en","1","0","0%","1"
"https://docta.me/services/miles-thomson-rectal-amputation-with-vaginal-wall-resection?lang=en","1","0","0%","4"
"https://docta.me/doctors/678","1","0","0%","1"
"https://docta.me/doctors/tanja-boljevic","1","1","100%","5"
"https://docta.me/clinics/milmedika-podgorica/labtests","1","0","0%","5"
"https://docta.me/services/1551","1","1","100%","1"
"https://docta.me/doctors/bozovic-bjanka","1","1","100%","2"
"https://docta.me/clinics/buntic-stomatoloska-ordinacija-bar","1","0","0%","4"
"https://docta.me/doctors/milos-obradovic","1","0","0%","1"
"https://docta.me/doctors/nemanja-damjanov","1","0","0%","8"
"https://docta.me/doctors/biljana-jakovljevic?lang=en","1","0","0%","2"
"https://docta.me/clinics/dental-clinic-kovacevic","1","1","100%","1"
"https://docta.me/doctors/dragana-bogdanovic-stojanovic","1","0","0%","7"
"https://docta.me/services/cervical-canal-curettage?lang=en","1","0","0%","4"
"https://docta.me/doctors/aleksandra-arandjelovic","1","1","100%","2"
"https://docta.me/doctors/aleksandra-dudvarski-ilic?lang=en","1","0","0%","10"
"https://docta.me/doctors/selma-franca?lang=en","1","1","100%","1"
"https://docta.me/doctors/nebojsa-tasic","1","0","0%","2"
"https://docta.me/services/myers-cocktail-iv","1","0","0%","7"
"https://docta.me/doctors/rabrenovic-zorica","1","1","100%","1"
"https://docta.me/doctors/milica-vusurovic","1","0","0%","8"
"https://docta.me/doctors/49","1","2","200%","3"
"https://docta.me/services?serviceCategoryIds=11&cityIds=3","1","0","0%","2"
"https://docta.me/doctors/danko-zivkovic","1","1","100%","1"
"https://docta.me/clinics/dom-zdravlja-bar?lang=en","1","0","0%","2"
"https://docta.me/doctors/mersid-corovic","1","0","0%","3"
"https://docta.me/medicines/lenzetto-153mgpotisak-350","1","0","0%","8"
"https://docta.me/doctors/olga-kaludjerovic","1","0","0%","4"
"https://docta.me/doctors/barovic-dzankic-dubravka?lang=en","1","0","0%","7"
"https://docta.me/labtests/free-lambda-light-chains-in-urine","1","0","0%","5"
"https://docta.me/doctors/sinisa-glumicic","1","0","0%","6"
"https://docta.me/doctors/sabahudin-pupovic","1","0","0%","2"
"https://docta.me/doctors/tea-dakic","1","1","100%","1"
"https://docta.me/doctors/darko-nisavic","1","0","0%","2"
"https://docta.me/doctors/jevto-erakovic","1","1","100%","1"
"https://docta.me/doctors/milica-rajovic","1","0","0%","3"
"https://docta.me/services/panoramic-x-ray?cityIds=1","1","0","0%","3"
"https://docta.me/doctors/stanisic-nikola","1","0","0%","2"
"https://docta.me/services/vaginal-biopsy-under-sedation","1","0","0%","3"
"https://docta.me/labtests/aortic-valve-swab-culture-aerobic","1","0","0%","9"
"https://docta.me/doctors/asanin-zeljka","1","1","100%","3"
"https://docta.me/doctors/danijela-djurovic-raonic","1","0","0%","6"
"https://docta.me/doctors/gordana-ristic-basovic","1","0","0%","2"
"https://docta.me/clinics/malbaski-podgorica","1","2","200%","8"
"https://docta.me/clinics/dr-cetkovic-stomatoloska-ordinacija","1","0","0%","4"
"https://docta.me/doctors/jelena-knezevic","1","1","100%","1"
"https://docta.me/medicines/dolista-25mg","1","0","0%","5"
"https://docta.me/doctors/jelena-medojevic?lang=en","1","0","0%","7"
"https://docta.me/services/acp-therapy-plasma-for-joints","1","0","0%","2"
"https://docta.me/medicines/deksalgin-125mgg","1","1","100%","1"
"https://docta.me/services/liposuction-under-general-anesthesia?lang=en","1","1","100%","1"
"https://docta.me/doctors/jovicevic-ognjen","1","0","0%","3"
"https://docta.me/labtests/waaler-rose-test","1","0","0%","6"
"https://docta.me/doctors/predrag-dabovic?lang=en","1","1","100%","3"
"https://docta.me/clinics/medical-centar-budva?lang=en","1","0","0%","10"
"https://docta.me/services/abdomen-ultrasound?cityIds=7","1","0","0%","3"
"https://docta.me/clinics/79","1","0","0%","1"
"https://docta.me/doctors/aleksandra-spasic-jokmanovic","1","0","0%","5"
"https://docta.me/clinics/luca-medical-podgorica?lang=en","1","0","0%","2"
"https://docta.me/services/diaphragm-surgery-lesion-excision-resection-suturing","1","1","100%","3"
"https://docta.me/doctors/jevdokimova-viktorija?lang=en","1","0","0%","7"
"https://docta.me/doctors/vaganova-olga","1","0","0%","4"
"https://docta.me/doctors/miodrag-radunovic?lang=en","1","0","0%","4"
"https://docta.me/clinics/hipokrat-poliklinika-podgorica/doctors?lang=tr","1","0","0%","2"
"https://docta.me/services/3420","1","0","0%","6"
"https://docta.me/clinics/sotir-dental-centar-podgorica","1","1","100%","1"
"https://docta.me/medicines/tregona-5mg","1","3","300%","6"
"https://docta.me/doctors/kaludjerovic-rade","1","0","0%","2"
"https://docta.me/medicines/tamsulosin-hf","1","1","100%","7"
"https://docta.me/medicines/sigene-50mg","1","1","100%","2"
"https://docta.me/doctors/zarko-calovic?lang=en","1","0","0%","4"
"https://docta.me/clinics/codra-hospital-podgorica?lang=en","1","0","0%","7"
"https://docta.me/doctors/milovan-roganovic","1","0","0%","5"
"https://docta.me/doctors/aleksandar-stefanovic","1","0","0%","8"
"https://docta.me/clinics/zecevic-dental-budva","1","0","0%","9"
"https://docta.me/labtests/myositis-profile?lang=en","1","0","0%","7"
"https://docta.me/doctors/bakic-nikola","1","0","0%","2"
"https://docta.me/doctors/dragana-dragas","1","0","0%","6"
"https://docta.me/doctors/zanka-cerovic?lang=en","1","1","100%","3"
"https://docta.me/clinics/moj-lab-podgorica-1?lang=en","1","0","0%","10"
"https://docta.me/services/x-ray-wrist","1","0","0%","8"
"https://docta.me/doctors/jadranka-lakicevic","1","1","100%","1"
"https://docta.me/medicines/gino-daktanol","1","0","0%","7"
"https://docta.me/doctors/aleksandra-bozovic","1","1","100%","7"
"https://docta.me/doctors/djurovic-dragan","1","1","100%","1"
"https://docta.me/services/hyalubrix-60mg-with-clinic-ampoule","1","1","100%","1"
"https://docta.me/doctors/zoja-stankovic","1","4","400%","1"
"https://docta.me/doctors/nisavic-toma","1","0","0%","2"
"https://docta.me/doctors/miskulin-mladen","1","0","0%","5"
"https://docta.me/services/3287","1","0","0%","6"
"https://docta.me/doctors/elena-arsova","1","1","100%","2"
"https://docta.me/services/rhinoplasty","1","1","100%","2"
"https://docta.me/clinics/apolonia-rasovic-stomatoloska-ordinacija-podgorica","1","0","0%","5"
"https://docta.me/doctors/srdjan-sretenovic","1","1","100%","1"
"https://docta.me/doctors/111","1","0","0%","9"
"https://docta.me/doctors/irena-ljutica","1","1","100%","2"
"https://docta.me/medicines/actawell-25mg","1","0","0%","7"
"https://docta.me/clinics/dom-zdravlja-budva","1","1","100%","5"
"https://docta.me/clinics/ars-medica-specijalna-bolnica/reviews","1","1","100%","5"
"https://docta.me/services/3508","1","1","100%","1"
"https://docta.me/medicines/jakavi-15mg?lang=tr","1","0","0%","4"
"https://docta.me/clinics/aesthetic-medical-centar-barovic-dr-aleksandra-barovic","1","0","0%","4"
"https://docta.me/medicines/bedoxin-50mg2ml","1","0","0%","8"
"https://docta.me/medicines/aspirin-500","1","0","0%","6"
"https://docta.me/doctors/ana-kalezic?lang=en","1","0","0%","1"
"https://docta.me/doctors/baranova-olga","1","0","0%","7"
"https://docta.me/doctors/dragica-milikic","1","1","100%","6"
"https://docta.me/doctors/enisa-pupovic","1","1","100%","1"
"https://docta.me/clinics/dr-zejnilovic-pzu-dnevna-bolnica","1","0","0%","5"
"https://docta.me/doctors/ana-music?lang=en","1","1","100%","1"
"https://docta.me/doctors/jovovic-predrag","1","1","100%","2"
"https://docta.me/services/surface-biopsy-punch-system","1","0","0%","3"
"https://docta.me/doctors/raicevic-dragoljub","1","0","0%","7"
"https://docta.me/clinics/dr-veselinovic-stomatoloska-klinika?lang=de","1","0","0%","2"
"https://docta.me/clinics/endorfin-fizio-centar-niksic","1","1","100%","3"
"https://docta.me/labtests/315","1","0","0%","8"
"https://docta.me/medicines/monizol-20mg?lang=de","1","0","0%","5"
"https://docta.me/labtests/serotonin-in-24h-urine","1","1","100%","6"
"https://docta.me/doctors/miljenjka-tamara?lang=en","1","0","0%","1"
"https://docta.me/doctors/vuk-pesic","1","0","0%","2"
"https://docta.me/clinics/oftalmoloski-centar-dr-raonic-podgorica?lang=en","1","0","0%","8"
"https://docta.me/doctors/nermin-abdic","1","0","0%","1"
"https://docta.me/doctors/stefan-milivojevic?lang=en","1","0","0%","1"
"https://docta.me/labtests/tati","1","0","0%","3"
"https://docta.me/doctors/muhedin-kadic","1","1","100%","7"
"https://docta.me/clinics/moj-lab-budva","1","0","0%","5"
"https://docta.me/doctors/djordjije-saranovic","1","1","100%","9"
"https://docta.me/medicines/ursofalk","1","0","0%","6"
"https://docta.me/labtests/histopathology-needle-breast-biopsy-without-ihc","1","0","0%","3"
"https://docta.me/medicines/fovelid-500mg-1979","1","0","0%","5"
"https://docta.me/clinics/malbaski-podgorica?lang=en","1","0","0%","5"
"https://docta.me/clinics/endorfin-fizio-centar-niksic?lang=en","1","0","0%","1"
"https://docta.me/doctors/tanja-cadjenovic-nikolic","1","1","100%","1"
"https://docta.me/doctors/jovovic-predrag?lang=en","1","0","0%","5"
"https://docta.me/clinics/tesla-medical-berane?lang=en","1","0","0%","5"
"https://docta.me/clinics/spa-medica-podgorica","1","0","0%","3"
"https://docta.me/medicines/aspirin-complex-hot?lang=en","1","0","0%","9"
"https://docta.me/doctors/613","1","0","0%","8"
"https://docta.me/services/3288","1","0","0%","7"
"https://docta.me/services/transthoracic-diaphragm-plication","1","1","100%","5"
"https://docta.me/labtests/monosticon","1","0","0%","5"
"https://docta.me/labtests/1360","1","0","0%","3"
"https://docta.me/doctors/vlatko-raicevic","1","0","0%","1"
