Популярные страницы,Kлики,Показы,CTR,Позиция
https://docta.me/doctors?clinicIds=23&lang=sr-cyrl,24,230,10.43%,9.2
https://docta.me/doctors?specialtyIds=7&cityIds=1,21,236,8.9%,11.47
https://docta.me/clinics/80,16,4784,0.33%,7.03
https://docta.me/doctors?specialtyIds=75&cityIds=1,16,119,13.45%,6.92
https://docta.me/doctors?specialtyIds=12&cityIds=1,14,151,9.27%,9.32
https://docta.me/clinics/54,11,2375,0.46%,8.57
https://docta.me/doctors?specialtyIds=13&cityIds=1,10,171,5.85%,9.25
https://docta.me/doctors?specialtyIds=9&cityIds=1,10,146,6.85%,11.73
https://docta.me/doctors?specialtyIds=3&cityIds=1,9,123,7.32%,10.18
https://docta.me/doctors?specialtyIds=71&cityIds=1,9,45,20%,6.91
https://docta.me/doctors/602,8,213,3.76%,8.94
https://docta.me/doctors?specialtyIds=5&cityIds=1,8,167,4.79%,9.74
https://docta.me/doctors?specialtyIds=14&cityIds=1,8,135,5.93%,9.4
https://docta.me/doctors?clinicIds=15,8,123,6.5%,7.62
https://docta.me/doctors?specialtyIds=5&cityIds=7,8,86,9.3%,10.64
https://docta.me/doctors?specialtyIds=16&cityIds=1,8,85,9.41%,9.71
https://docta.me/doctors?specialtyIds=75,8,66,12.12%,9.71
https://docta.me/doctors?specialtyIds=1&cityIds=6,8,44,18.18%,7.18
https://docta.me/doctors?specialtyIds=46,8,34,23.53%,14.29
https://docta.me/doctors?specialtyIds=8&cityIds=1,7,100,7%,10.75
https://docta.me/doctors?specialtyIds=47&cityIds=1,7,79,8.86%,9.7
https://docta.me/doctors?clinicIds=65,6,165,3.64%,9.68
https://docta.me/doctors?specialtyIds=4&cityIds=1,6,124,4.84%,10.46
https://docta.me/doctors?clinicIds=15&lang=sr-cyrl,6,113,5.31%,7.36
https://docta.me/doctors?specialtyIds=9,6,92,6.52%,14.47
https://docta.me/doctors?specialtyIds=16,6,66,9.09%,10
https://docta.me/doctors?specialtyIds=5&cityIds=6&lang=sr-cyrl,6,63,9.52%,10.35
https://docta.me/doctors?specialtyIds=19,6,55,10.91%,7.25
https://docta.me/doctors?specialtyIds=73&cityIds=1,6,36,16.67%,13.19
https://docta.me/doctors?specialtyIds=36&cityIds=1,6,20,30%,7.2
https://docta.me/clinics/1,5,1864,0.27%,9.53
https://docta.me/clinics/86,5,299,1.67%,8.76
https://docta.me/doctors?clinicIds=54,5,252,1.98%,9.08
https://docta.me/doctors?clinicIds=68,5,233,2.15%,9.79
https://docta.me/doctors?specialtyIds=12,5,119,4.2%,11.69
https://docta.me/doctors?specialtyIds=5,5,101,4.95%,12.46
https://docta.me/doctors?specialtyIds=21&cityIds=1,5,89,5.62%,8.93
https://docta.me/doctors?specialtyIds=17&languageIds=1&cityIds=1,5,86,5.81%,8.65
https://docta.me/doctors?specialtyIds=17,5,81,6.17%,9.3
https://docta.me/doctors?specialtyIds=79,5,65,7.69%,8.91
https://docta.me/doctors?specialtyIds=6&cityIds=1,5,63,7.94%,10.71
https://docta.me/doctors?clinicIds=7,5,63,7.94%,12.4
https://docta.me/doctors?clinicIds=23,5,55,9.09%,8.96
https://docta.me/doctors?specialtyIds=16&languageIds=1,5,54,9.26%,7.76
https://docta.me/doctors?specialtyIds=51&cityIds=1,5,45,11.11%,19.67
https://docta.me/doctors?specialtyIds=38&cityIds=1,5,39,12.82%,9.72
https://docta.me/doctors?specialtyIds=15&lang=sr-cyrl,5,34,14.71%,9.32
https://docta.me/doctors?specialtyIds=78&cityIds=4,5,32,15.62%,10.28
https://docta.me/doctors?specialtyIds=22&cityIds=7,5,24,20.83%,24.5
https://docta.me/doctors?specialtyIds=76,5,23,21.74%,13.39
https://docta.me/doctors?specialtyIds=85&cityIds=1,5,22,22.73%,11.09
https://docta.me/doctors?specialtyIds=36,5,14,35.71%,11.64
https://docta.me/doctors?clinicIds=2,4,401,1%,10.58
https://docta.me/doctors?clinicIds=1,4,312,1.28%,9.65
https://docta.me/doctors?clinicIds=3,4,179,2.23%,11.3
https://docta.me/clinics/68?lang=ru,4,125,3.2%,9.61
https://docta.me/doctors?specialtyIds=12&languageIds=1&cityIds=1,4,103,3.88%,11.7
https://docta.me/doctors?specialtyIds=16&cityIds=1&lang=sr-cyrl,4,70,5.71%,10.94
https://docta.me/doctors?clinicIds=2&lang=ru,4,68,5.88%,7.81
https://docta.me/doctors?specialtyIds=21,4,64,6.25%,10.84
https://docta.me/doctors?specialtyIds=19&cityIds=1,4,63,6.35%,8.13
https://docta.me/doctors?specialtyIds=18&cityIds=1,4,61,6.56%,11.62
https://docta.me/doctors?specialtyIds=7&cityIds=3,4,59,6.78%,8.19
https://docta.me/doctors?specialtyIds=13&cityIds=3&lang=sr-cyrl,4,58,6.9%,7.98
https://docta.me/articles/russian-speaking-doctors-in-montenegro?lang=ru,4,57,7.02%,8.44
https://docta.me/doctors?specialtyIds=11,4,57,7.02%,8.79
https://docta.me/doctors?specialtyIds=4&cityIds=1&lang=sr-cyrl,4,56,7.14%,12.05
https://docta.me/clinics/17,4,55,7.27%,8.67
https://docta.me/doctors?specialtyIds=1&cityIds=3,4,54,7.41%,10.44
https://docta.me/doctors?specialtyIds=1&cityIds=1&lang=sr-cyrl,4,53,7.55%,9.58
https://docta.me/doctors?specialtyIds=3&cityIds=2,4,52,7.69%,7.71
https://docta.me/doctors?specialtyIds=13,4,49,8.16%,9.47
https://docta.me/doctors?specialtyIds=22&cityIds=1,4,44,9.09%,16.68
https://docta.me/doctors?clinicIds=4&lang=ru,4,43,9.3%,7.56
https://docta.me/doctors?cityIds=2,4,43,9.3%,12.72
https://docta.me/doctors?specialtyIds=9&cityIds=6,4,41,9.76%,5.15
https://docta.me/doctors?specialtyIds=78&languageIds=2&lang=ru,4,39,10.26%,10.74
https://docta.me/doctors?cityIds=6,4,36,11.11%,10.78
https://docta.me/doctors?specialtyIds=15,4,32,12.5%,10.97
https://docta.me/doctors?specialtyIds=21&cityIds=1&lang=sr-cyrl,4,31,12.9%,8.71
https://docta.me/doctors/763?lang=sr-cyrl,4,25,16%,6.84
https://docta.me/doctors?specialtyIds=12&cityIds=6,4,25,16%,10.88
https://docta.me/doctors?specialtyIds=3&languageIds=1&cityIds=1&lang=sr-cyrl,4,21,19.05%,10
https://docta.me/doctors?specialtyIds=80,4,18,22.22%,8.61
https://docta.me/doctors?specialtyIds=3&cityIds=6,4,18,22.22%,9.11
https://docta.me/doctors?specialtyIds=13&cityIds=2&lang=sr-cyrl,4,18,22.22%,10
https://docta.me/doctors?specialtyIds=52&cityIds=3,4,17,23.53%,8.41
https://docta.me/doctors?specialtyIds=1&cityIds=6&lang=sr-cyrl,4,16,25%,6.94
https://docta.me/doctors/492?lang=de,4,4,100%,1
https://docta.me/clinics/dom-zdravlja-herceg-novi,3,463,0.65%,6.22
https://docta.me/clinics/65,3,290,1.03%,13.22
https://docta.me/clinics/57?lang=ru,3,193,1.55%,8.54
https://docta.me/doctors?clinicIds=5,3,160,1.88%,9.49
https://docta.me/doctors?clinicIds=12,3,130,2.31%,10.45
https://docta.me/doctors?specialtyIds=5&languageIds=1&cityIds=1,3,119,2.52%,12.4
https://docta.me/doctors?specialtyIds=17&cityIds=1,3,109,2.75%,8.17
https://docta.me/clinics/80?lang=ru,3,101,2.97%,7.97
https://docta.me/clinics/3?lang=en,3,100,3%,11.36
https://docta.me/clinics/15,3,98,3.06%,9.81
https://docta.me/doctors?specialtyIds=11&cityIds=1,3,93,3.23%,8.42
https://docta.me/doctors?specialtyIds=7,3,84,3.57%,20.58
https://docta.me/doctors?specialtyIds=13&languageIds=2&cityIds=1,3,78,3.85%,7.31
https://docta.me/doctors?specialtyIds=46&languageIds=1&cityIds=1&lang=en,3,76,3.95%,9.75
https://docta.me/doctors?specialtyIds=1&cityIds=1,3,75,4%,15.25
https://docta.me/doctors?specialtyIds=8&languageIds=1&cityIds=1,3,66,4.55%,12.09
https://docta.me/doctors?specialtyIds=11&languageIds=1&cityIds=1&lang=sr-cyrl,3,65,4.62%,18.62
https://docta.me/doctors?specialtyIds=4&languageIds=1&cityIds=1,3,62,4.84%,13.73
https://docta.me/doctors?specialtyIds=13&languageIds=3&cityIds=1,3,61,4.92%,8.61
https://docta.me/doctors?specialtyIds=21&languageIds=1&cityIds=1,3,60,5%,8.43
https://docta.me/doctors?specialtyIds=46&cityIds=1,3,60,5%,11.8
https://docta.me/clinics/20?lang=ru,3,58,5.17%,1.98
https://docta.me/doctors?specialtyIds=5&cityIds=1&lang=sr-cyrl,3,57,5.26%,16
https://docta.me/doctors/600,3,53,5.66%,7.75
https://docta.me/doctors?specialtyIds=9&cityIds=1&lang=sr-cyrl,3,50,6%,10.62
https://docta.me/doctors?languageIds=1&cityIds=2,3,48,6.25%,10.25
https://docta.me/doctors?specialtyIds=28&cityIds=1,3,47,6.38%,8.26
https://docta.me/doctors?specialtyIds=2&cityIds=3,3,46,6.52%,9.15
https://docta.me/doctors?specialtyIds=7&cityIds=2,3,44,6.82%,7.34
https://docta.me/doctors?specialtyIds=11&cityIds=7&lang=sr-cyrl,3,43,6.98%,6.56
https://docta.me/doctors?specialtyIds=19&cityIds=1&lang=sr-cyrl,3,39,7.69%,8.56
https://docta.me/doctors?clinicIds=17,3,38,7.89%,13.92
https://docta.me/doctors?specialtyIds=9&cityIds=3,3,37,8.11%,11.65
https://docta.me/doctors?specialtyIds=34,3,36,8.33%,11.83
https://docta.me/doctors?specialtyIds=87,3,36,8.33%,12.92
https://docta.me/doctors?specialtyIds=11&languageIds=1&cityIds=1,3,35,8.57%,10.11
https://docta.me/doctors?specialtyIds=79&cityIds=1,3,35,8.57%,10.14
https://docta.me/doctors?specialtyIds=11&lang=en,3,35,8.57%,12.43
https://docta.me/doctors?specialtyIds=6&languageIds=2&cityIds=1,3,33,9.09%,8.79
https://docta.me/doctors?specialtyIds=16&languageIds=1&cityIds=1&lang=sr-cyrl,3,33,9.09%,12.48
https://docta.me/doctors?clinicIds=62,3,32,9.38%,8.31
https://docta.me/services?clinicIds=64,3,32,9.38%,9.38
https://docta.me/doctors?specialtyIds=21&lang=sr-cyrl,3,31,9.68%,13.03
https://docta.me/doctors?specialtyIds=12&languageIds=1&cityIds=1&lang=sr-cyrl,3,31,9.68%,13.1
https://docta.me/doctors?specialtyIds=21&cityIds=2&lang=sr-cyrl,3,29,10.34%,9.72
https://docta.me/doctors?clinicIds=64,3,28,10.71%,10.89
https://docta.me/clinics/3?lang=ru,3,27,11.11%,8.7
https://docta.me/doctors?specialtyIds=9&cityIds=6&lang=sr-cyrl,3,26,11.54%,9.46
https://docta.me/doctors?specialtyIds=21&languageIds=1&cityIds=3,3,26,11.54%,29.35
https://docta.me/doctors?specialtyIds=3&cityIds=3,3,24,12.5%,8.17
https://docta.me/doctors?specialtyIds=71,3,24,12.5%,9.92
https://docta.me/doctors?specialtyIds=13&cityIds=7&lang=sr-cyrl,3,23,13.04%,6.39
https://docta.me/doctors?specialtyIds=13&cityIds=4&lang=sr-cyrl,3,23,13.04%,8.39
https://docta.me/doctors?specialtyIds=16&lang=sr-cyrl,3,23,13.04%,12.78
https://docta.me/doctors?specialtyIds=52&languageIds=1&cityIds=3,3,22,13.64%,13.32
https://docta.me/doctors?specialtyIds=17&cityIds=3,3,20,15%,6.05
https://docta.me/doctors?specialtyIds=9&cityIds=7,3,20,15%,7.1
https://docta.me/doctors?specialtyIds=10&cityIds=4,3,20,15%,8.95
https://docta.me/doctors?specialtyIds=48&cityIds=1,3,20,15%,9.4
https://docta.me/doctors?specialtyIds=12&cityIds=8,3,19,15.79%,5.89
https://docta.me/doctors?specialtyIds=69,3,19,15.79%,6.21
https://docta.me/doctors?clinicIds=54&lang=tr,3,19,15.79%,10.63
https://docta.me/doctors?specialtyIds=74,3,19,15.79%,12.26
https://docta.me/doctors?specialtyIds=9&languageIds=1&cityIds=3,3,18,16.67%,6.5
https://docta.me/doctors?cityIds=4&lang=en,3,18,16.67%,8.44
https://docta.me/doctors?specialtyIds=20&cityIds=2,3,18,16.67%,10.67
https://docta.me/doctors/674?lang=sr-cyrl,3,15,20%,6.47
https://docta.me/doctors?specialtyIds=4&cityIds=6,3,15,20%,7.87
https://docta.me/doctors?specialtyIds=13&languageIds=1&cityIds=7&lang=sr-cyrl,3,12,25%,7.75
https://docta.me/doctors?specialtyIds=17&languageIds=1&cityIds=2&lang=sr-cyrl,3,11,27.27%,10.45
https://docta.me/doctors?specialtyIds=85,3,11,27.27%,11.82
https://docta.me/doctors/923,3,10,30%,11
https://docta.me/doctors/483,3,9,33.33%,4.33
https://docta.me/doctors?specialtyIds=42&cityIds=4&lang=sr-cyrl,3,5,60%,6.6
https://docta.me/clinics/2,2,1196,0.17%,10.6
https://docta.me/clinics/9,2,151,1.32%,9.81
https://docta.me/clinics/49?lang=ru,2,137,1.46%,9.37
https://docta.me/doctors?clinicIds=28,2,107,1.87%,11.76
https://docta.me/clinics/69?lang=tr,2,106,1.89%,8.98
https://docta.me/doctors?specialtyIds=1,2,106,1.89%,12.9
https://docta.me/doctors?clinicIds=27,2,102,1.96%,8.85
https://docta.me/clinics/5,2,97,2.06%,13.59
https://docta.me/doctors?clinicIds=27&lang=sr-cyrl,2,91,2.2%,8.47
https://docta.me/doctors?specialtyIds=75&languageIds=1&cityIds=1,2,91,2.2%,9.54
https://docta.me/doctors?specialtyIds=13&cityIds=1&lang=sr-cyrl,2,89,2.25%,11.07
https://docta.me/doctors?specialtyIds=11&cityIds=1&lang=sr-cyrl,2,82,2.44%,11.23
https://docta.me/doctors?specialtyIds=3&languageIds=1&cityIds=1,2,79,2.53%,10.15
https://docta.me/clinics/71?lang=sr-cyrl,2,74,2.7%,8.61
https://docta.me/clinics/12?lang=sr-cyrl,2,72,2.78%,9.64
https://docta.me/doctors?specialtyIds=7&languageIds=1&cityIds=1,2,70,2.86%,14.33
https://docta.me/doctors?specialtyIds=10&cityIds=1,2,69,2.9%,9.88
https://docta.me/doctors?specialtyIds=78&cityIds=1,2,69,2.9%,18.22
https://docta.me/doctors?specialtyIds=10&languageIds=1&cityIds=1,2,68,2.94%,10.19
https://docta.me/doctors?specialtyIds=13&languageIds=1&cityIds=1,2,67,2.99%,9.46
https://docta.me/doctors?clinicIds=26,2,64,3.12%,9.31
https://docta.me/doctors?clinicIds=10&lang=sr-cyrl,2,64,3.12%,9.8
https://docta.me/doctors?specialtyIds=5&cityIds=3,2,61,3.28%,8.33
https://docta.me/doctors?specialtyIds=13&languageIds=1&cityIds=1&lang=sr-cyrl,2,59,3.39%,9.69
https://docta.me/doctors?clinicIds=28&lang=sr-cyrl,2,58,3.45%,11.16
https://docta.me/doctors?specialtyIds=45&cityIds=1,2,57,3.51%,9.68
https://docta.me/doctors?specialtyIds=24&cityIds=1,2,55,3.64%,8.36
https://docta.me/doctors?specialtyIds=31&cityIds=1,2,55,3.64%,9
https://docta.me/clinics/4?lang=ru,2,54,3.7%,9.35
https://docta.me/doctors?specialtyIds=22,2,51,3.92%,21.29
https://docta.me/doctors?specialtyIds=81&cityIds=1,2,49,4.08%,8.94
https://docta.me/doctors?specialtyIds=9&cityIds=1&lang=en,2,45,4.44%,9.98
https://docta.me/clinics/82?lang=en,2,45,4.44%,10.22
https://docta.me/doctors/458?lang=sr-cyrl,2,43,4.65%,7.86
https://docta.me/doctors?specialtyIds=5&cityIds=6,2,42,4.76%,9.88
https://docta.me/doctors?cityIds=8,2,42,4.76%,11.36
https://docta.me/doctors?specialtyIds=13&languageIds=1,2,41,4.88%,7.98
https://docta.me/doctors?specialtyIds=8,2,41,4.88%,9.56
https://docta.me/doctors?clinicIds=17&lang=ru,2,40,5%,8.03
https://docta.me/doctors?specialtyIds=44,2,40,5%,9.78
https://docta.me/doctors?specialtyIds=5&languageIds=1,2,40,5%,12.22
https://docta.me/doctors?specialtyIds=14&cityIds=1&lang=sr-cyrl,2,40,5%,13.35
https://docta.me/doctors?clinicIds=37&lang=sr-cyrl,2,38,5.26%,6.03
https://docta.me/doctors?specialtyIds=30&languageIds=1&cityIds=1,2,38,5.26%,9.42
https://docta.me/doctors?cityIds=5,2,37,5.41%,7.81
https://docta.me/doctors?specialtyIds=7&lang=sr-cyrl,2,37,5.41%,8.54
https://docta.me/doctors?clinicIds=9&lang=sr-cyrl,2,37,5.41%,9.08
https://docta.me/doctors?specialtyIds=3&cityIds=3&lang=sr-cyrl,2,35,5.71%,7.43
https://docta.me/doctors/768?lang=sr-cyrl,2,35,5.71%,8
https://docta.me/doctors?specialtyIds=18&languageIds=1&cityIds=1,2,34,5.88%,7.71
https://docta.me/doctors?specialtyIds=32&cityIds=1,2,34,5.88%,8.53
https://docta.me/doctors?specialtyIds=16&cityIds=2,2,34,5.88%,14.35
https://docta.me/doctors?specialtyIds=52&cityIds=1,2,33,6.06%,9.52
https://docta.me/doctors?specialtyIds=13&languageIds=1&cityIds=2,2,32,6.25%,8.09
https://docta.me/doctors?specialtyIds=5&cityIds=2,2,32,6.25%,11.03
https://docta.me/doctors?specialtyIds=10&languageIds=1&cityIds=2,2,32,6.25%,11.09
https://docta.me/doctors?specialtyIds=14,2,32,6.25%,13.19
https://docta.me/doctors/601,2,31,6.45%,4.45
https://docta.me/doctors?specialtyIds=75&cityIds=1&lang=sr-cyrl,2,31,6.45%,7.87
https://docta.me/doctors?specialtyIds=27,2,31,6.45%,8.58
https://docta.me/doctors?specialtyIds=2&cityIds=6,2,31,6.45%,9.1
https://docta.me/doctors?specialtyIds=12&cityIds=7,2,31,6.45%,15.42
https://docta.me/doctors?specialtyIds=16&languageIds=1&lang=sr-cyrl,2,30,6.67%,7.37
https://docta.me/doctors?specialtyIds=6&cityIds=2,2,30,6.67%,7.97
https://docta.me/doctors?specialtyIds=5&languageIds=1&cityIds=6,2,30,6.67%,9.23
https://docta.me/doctors?specialtyIds=47,2,30,6.67%,11.47
https://docta.me/doctors?specialtyIds=1&cityIds=2,2,30,6.67%,12.47
https://docta.me/doctors?clinicIds=43&lang=ru,2,29,6.9%,7.17
https://docta.me/doctors?specialtyIds=9&cityIds=2,2,29,6.9%,10.79
https://docta.me/doctors?specialtyIds=1&lang=sr-cyrl,2,28,7.14%,13.93
https://docta.me/clinics/65?lang=sr-cyrl,2,28,7.14%,26.21
https://docta.me/doctors?specialtyIds=51&languageIds=3&lang=en,2,27,7.41%,8
https://docta.me/doctors?specialtyIds=13&cityIds=3&lang=en,2,27,7.41%,8.07
https://docta.me/doctors?specialtyIds=34&cityIds=1,2,27,7.41%,10.11
https://docta.me/doctors?specialtyIds=15&cityIds=1&lang=sr-cyrl,2,27,7.41%,11.81
https://docta.me/doctors?specialtyIds=7&cityIds=4,2,26,7.69%,8.04
https://docta.me/doctors?specialtyIds=17&lang=en,2,26,7.69%,9.62
https://docta.me/doctors?specialtyIds=13&languageIds=3&cityIds=1&lang=sr-cyrl,2,25,8%,7.8
https://docta.me/doctors?specialtyIds=38&lang=sr-cyrl,2,25,8%,7.96
https://docta.me/doctors?specialtyIds=11&cityIds=3&lang=sr-cyrl,2,25,8%,8.2
https://docta.me/doctors?specialtyIds=19&languageIds=1,2,25,8%,9.48
https://docta.me/doctors?specialtyIds=18&lang=ru,2,24,8.33%,6.54
https://docta.me/doctors?specialtyIds=44&lang=en,2,24,8.33%,7.75
https://docta.me/doctors/359,2,24,8.33%,7.79
https://docta.me/doctors?clinicIds=27&lang=en,2,24,8.33%,8.54
https://docta.me/doctors/768?lang=en,2,24,8.33%,10.12
https://docta.me/doctors?specialtyIds=2&languageIds=3&cityIds=1,2,24,8.33%,12.88
https://docta.me/doctors?specialtyIds=1&cityIds=4,2,23,8.7%,8.22
https://docta.me/doctors?specialtyIds=71&languageIds=1&cityIds=1,2,23,8.7%,8.78
https://docta.me/doctors?specialtyIds=13&cityIds=2,2,23,8.7%,19.13
https://docta.me/doctors?specialtyIds=1&cityIds=1&lang=en,2,22,9.09%,9.14
https://docta.me/doctors?specialtyIds=21&languageIds=1,2,22,9.09%,11.64
https://docta.me/doctors?specialtyIds=44&languageIds=1&cityIds=1,2,21,9.52%,10.81
https://docta.me/doctors?specialtyIds=50,2,21,9.52%,11.81
https://docta.me/doctors?specialtyIds=9&languageIds=1,2,21,9.52%,17.52
https://docta.me/doctors?specialtyIds=45&lang=ru,2,21,9.52%,18.67
https://docta.me/doctors?specialtyIds=5&languageIds=1&cityIds=2,2,20,10%,9.25
https://docta.me/doctors?specialtyIds=11&cityIds=2,2,20,10%,10.35
https://docta.me/doctors?specialtyIds=9&languageIds=1&cityIds=7,2,20,10%,10.6
https://docta.me/doctors?specialtyIds=74&languageIds=2&lang=ru,2,20,10%,15.65
https://docta.me/doctors?specialtyIds=21&cityIds=2,2,19,10.53%,8.21
https://docta.me/doctors?specialtyIds=5&languageIds=2&cityIds=1&lang=sr-cyrl,2,19,10.53%,10.21
https://docta.me/doctors?specialtyIds=18&cityIds=1&lang=sr-cyrl,2,19,10.53%,11.58
https://docta.me/doctors?clinicIds=17&lang=sr-cyrl,2,18,11.11%,7.5
https://docta.me/doctors?languageIds=2&cityIds=3&lang=en,2,18,11.11%,7.5
https://docta.me/doctors?specialtyIds=9&languageIds=1&cityIds=7&lang=sr-cyrl,2,18,11.11%,7.56
https://docta.me/doctors/749?lang=sr-cyrl,2,18,11.11%,8.72
https://docta.me/doctors?specialtyIds=84&cityIds=1,2,18,11.11%,9.5
https://docta.me/doctors?specialtyIds=22&languageIds=1&cityIds=2,2,18,11.11%,11.89
https://docta.me/doctors?specialtyIds=34&languageIds=1,2,17,11.76%,8.53
https://docta.me/doctors?specialtyIds=38&languageIds=1&cityIds=1,2,17,11.76%,10.35
https://docta.me/doctors?specialtyIds=8&cityIds=6&lang=sr-cyrl,2,17,11.76%,12.59
https://docta.me/clinics/90?lang=ru,2,15,13.33%,6.2
https://docta.me/doctors?specialtyIds=11&cityIds=8&lang=sr-cyrl,2,15,13.33%,6.93
https://docta.me/doctors?specialtyIds=42,2,15,13.33%,12.8
https://docta.me/doctors?specialtyIds=78&cityIds=4&lang=sr-cyrl,2,15,13.33%,17.93
https://docta.me/doctors?specialtyIds=68&cityIds=1,2,14,14.29%,5.64
https://docta.me/doctors/598,2,14,14.29%,6.07
https://docta.me/doctors?specialtyIds=14&cityIds=2,2,14,14.29%,8.07
https://docta.me/doctors?specialtyIds=4&cityIds=2,2,14,14.29%,8.29
https://docta.me/doctors?clinicIds=36,2,14,14.29%,8.93
https://docta.me/doctors/252,2,14,14.29%,10.64
https://docta.me/doctors?specialtyIds=50&lang=sr-cyrl,2,14,14.29%,14
https://docta.me/doctors?specialtyIds=9&cityIds=6&lang=en,2,14,14.29%,15.36
https://docta.me/doctors?specialtyIds=4&cityIds=7&lang=sr-cyrl,2,14,14.29%,17.79
https://docta.me/doctors?specialtyIds=15&languageIds=1,2,14,14.29%,19
https://docta.me/doctors?specialtyIds=11&cityIds=3,2,13,15.38%,5.62
https://docta.me/doctors/745?lang=sr-cyrl,2,13,15.38%,6.23
https://docta.me/doctors?specialtyIds=13&cityIds=4,2,13,15.38%,15.31
https://docta.me/doctors?specialtyIds=35&cityIds=1,2,13,15.38%,18.15
https://docta.me/doctors/298,2,12,16.67%,7.5
https://docta.me/doctors?specialtyIds=9&cityIds=3&lang=sr-cyrl,2,12,16.67%,9.83
https://docta.me/doctors?specialtyIds=68&languageIds=1&cityIds=1,2,12,16.67%,15
https://docta.me/services/2198,2,12,16.67%,23.92
https://docta.me/doctors?specialtyIds=82&languageIds=1&cityIds=1&lang=en,2,11,18.18%,5.91
https://docta.me/doctors/333,2,11,18.18%,6.18
https://docta.me/doctors?specialtyIds=77&languageIds=1&cityIds=3&lang=ru,2,11,18.18%,7.18
https://docta.me/doctors?specialtyIds=46&languageIds=1&cityIds=1&lang=sr-cyrl,2,11,18.18%,8.18
https://docta.me/doctors?specialtyIds=8&languageIds=1&cityIds=3,2,11,18.18%,9.55
https://docta.me/doctors?specialtyIds=44&lang=sr-cyrl,2,11,18.18%,32.55
https://docta.me/labtests/174?lang=en,2,10,20%,4.4
https://docta.me/services/4173?lang=en,2,10,20%,9.4
https://docta.me/doctors?specialtyIds=28&cityIds=1&lang=en,2,10,20%,9.8
https://docta.me/doctors?specialtyIds=10&cityIds=6&lang=en,2,10,20%,10.8
https://docta.me/doctors?specialtyIds=68,2,10,20%,14.2
https://docta.me/doctors?specialtyIds=17&languageIds=1&cityIds=7&lang=ru,2,9,22.22%,1.67
https://docta.me/doctors?specialtyIds=9&languageIds=2&lang=ru,2,9,22.22%,4.78
https://docta.me/doctors/837?lang=sr-cyrl,2,9,22.22%,5.11
https://docta.me/doctors/433,2,9,22.22%,5.44
https://docta.me/doctors?specialtyIds=85&lang=en,2,9,22.22%,7
https://docta.me/doctors?specialtyIds=16&cityIds=4,2,9,22.22%,8
https://docta.me/doctors?specialtyIds=19&cityIds=1&lang=ru,2,9,22.22%,10.33
https://docta.me/doctors/636?lang=en,2,9,22.22%,16
https://docta.me/doctors/803,2,9,22.22%,22.33
https://docta.me/doctors/545?lang=en,2,8,25%,3.25
https://docta.me/doctors/789?lang=en,2,8,25%,7.25
https://docta.me/clinics/bonomedica-budva?lang=ru,2,8,25%,11.88
https://docta.me/doctors?specialtyIds=41&cityIds=3,2,7,28.57%,4.43
https://docta.me/doctors?specialtyIds=52&cityIds=3&lang=sr-cyrl,2,7,28.57%,4.86
https://docta.me/doctors?specialtyIds=8&languageIds=2&cityIds=1&lang=ru,2,7,28.57%,5.43
https://docta.me/doctors?specialtyIds=52&cityIds=1&lang=sr-cyrl,2,7,28.57%,6.14
https://docta.me/doctors?specialtyIds=73&languageIds=1&cityIds=1,2,7,28.57%,8
https://docta.me/doctors?specialtyIds=51&languageIds=2&lang=en,2,7,28.57%,8.57
https://docta.me/doctors?specialtyIds=22&cityIds=7&lang=sr-cyrl,2,7,28.57%,14.57
https://docta.me/doctors?specialtyIds=14&cityIds=7&lang=sr-cyrl,2,6,33.33%,4.83
https://docta.me/doctors/763,2,6,33.33%,6.33
https://docta.me/doctors?specialtyIds=16&cityIds=3&lang=sr-cyrl,2,6,33.33%,8.83
https://docta.me/doctors?specialtyIds=3&lang=tr,2,6,33.33%,10.67
https://docta.me/doctors/448,2,5,40%,1.6
https://docta.me/doctors/841,2,5,40%,3.6
https://docta.me/doctors/790?lang=en,2,5,40%,5
https://docta.me/clinics/42?lang=sr-cyrl,2,5,40%,5.8
https://docta.me/doctors?specialtyIds=25&languageIds=1&lang=sr-cyrl,2,5,40%,6.4
https://docta.me/doctors/534,2,5,40%,7
https://docta.me/doctors?specialtyIds=77&languageIds=1&cityIds=1,2,5,40%,17.2
https://docta.me/doctors/627?lang=sr-cyrl,2,4,50%,2.25
https://docta.me/doctors/712?lang=ru,2,4,50%,6
https://docta.me/doctors/889?lang=sr-cyrl,2,4,50%,6.25
https://docta.me/doctors/890?lang=de,2,4,50%,6.25
https://docta.me/doctors/709?lang=en,2,4,50%,8
https://docta.me/doctors?specialtyIds=82,2,4,50%,8
https://docta.me/doctors?specialtyIds=21&cityIds=7&lang=sr-cyrl,2,4,50%,8.25
https://docta.me/labtests/1186,2,4,50%,20.75
https://docta.me/doctors/50,2,3,66.67%,6.67
https://docta.me/doctors?specialtyIds=13&cityIds=2&lang=en,2,3,66.67%,6.67
https://docta.me/medications/1595?lang=sr-cyrl,2,2,100%,1
https://docta.me/doctors?specialtyIds=18&languageIds=2&cityIds=1&lang=ru,2,2,100%,2
https://docta.me/doctors/678?lang=en,2,2,100%,3.5
https://docta.me/doctors?specialtyIds=73&lang=tr,2,2,100%,5
https://docta.me/doctors/213,2,2,100%,6.5
https://docta.me/doctors/dubravka-lopicic?lang=ru,2,2,100%,19
https://docta.me/clinics/68,1,437,0.23%,9.57
https://docta.me/clinics/5?lang=sr-cyrl,1,369,0.27%,11.06
https://docta.me/clinics/71?lang=ru,1,291,0.34%,8.67
https://docta.me/clinics/67?lang=en,1,151,0.66%,10.44
https://docta.me/clinics/5?lang=en,1,142,0.7%,11.17
https://docta.me/clinics/70,1,132,0.76%,8.92
https://docta.me/clinics/27?lang=sr-cyrl,1,120,0.83%,8.53
https://docta.me/doctors?clinicIds=3&lang=sr-cyrl,1,110,0.91%,8.82
https://docta.me/doctors?specialtyIds=51&cityIds=1&lang=en,1,103,0.97%,5.81
https://docta.me/clinics/69,1,102,0.98%,8.63
https://docta.me/clinics/78?lang=en,1,101,0.99%,10.52
https://docta.me/clinics/46,1,100,1%,10.24
https://docta.me/clinics/10,1,99,1.01%,14.7
https://docta.me/doctors,1,86,1.16%,11.09
https://docta.me/doctors?specialtyIds=30&cityIds=1,1,78,1.28%,9.03
https://docta.me/doctors?specialtyIds=17&lang=sr-cyrl,1,78,1.28%,13.85
https://docta.me/doctors?clinicIds=49,1,77,1.3%,9.49
https://docta.me/doctors?clinicIds=9,1,76,1.32%,12.39
https://docta.me/doctors?specialtyIds=3&languageIds=3&cityIds=1,1,75,1.33%,11.32
https://docta.me/clinics/1?lang=sr-cyrl,1,75,1.33%,11.48
https://docta.me/doctors?specialtyIds=5&languageIds=3&cityIds=1,1,70,1.43%,11.44
https://docta.me/clinics/90,1,68,1.47%,7.54
https://docta.me/doctors?specialtyIds=12&lang=sr-cyrl,1,68,1.47%,9.49
https://docta.me/doctors?clinicIds=59,1,66,1.52%,13.41
https://docta.me/doctors?specialtyIds=8&cityIds=1&lang=en,1,65,1.54%,11.08
https://docta.me/doctors?clinicIds=2&lang=sr-cyrl,1,64,1.56%,8.89
https://docta.me/doctors?specialtyIds=78&cityIds=3&lang=en,1,60,1.67%,8.18
https://docta.me/doctors?specialtyIds=2&languageIds=1&cityIds=1,1,58,1.72%,9.28
https://docta.me/doctors?clinicIds=29,1,57,1.75%,8.28
https://docta.me/doctors?specialtyIds=6&languageIds=1&cityIds=1,1,57,1.75%,9.79
https://docta.me/doctors?specialtyIds=12&languageIds=1,1,55,1.82%,12.76
https://docta.me/doctors?specialtyIds=7&languageIds=1,1,54,1.85%,10.65
https://docta.me/clinics/27,1,53,1.89%,8.49
https://docta.me/doctors?specialtyIds=15&cityIds=1,1,53,1.89%,9
https://docta.me/clinics/12,1,52,1.92%,9.98
https://docta.me/clinics/12?lang=tr,1,52,1.92%,11.27
https://docta.me/doctors?specialtyIds=10&cityIds=2,1,52,1.92%,12.31
https://docta.me/doctors?specialtyIds=7&lang=en,1,51,1.96%,7.08
https://docta.me/doctors?specialtyIds=4,1,50,2%,17.96
https://docta.me/doctors?specialtyIds=5&cityIds=7&lang=en,1,49,2.04%,8.53
https://docta.me/doctors?specialtyIds=51,1,49,2.04%,15.88
https://docta.me/doctors/768,1,48,2.08%,8.15
https://docta.me/doctors/348?lang=sr-cyrl,1,48,2.08%,8.54
https://docta.me/doctors/348?lang=en,1,45,2.22%,7.13
https://docta.me/doctors/443?lang=en,1,44,2.27%,6.86
https://docta.me/doctors?specialtyIds=17&languageIds=1,1,44,2.27%,8.77
https://docta.me/clinics/83?lang=sr-cyrl,1,44,2.27%,9.55
https://docta.me/doctors?specialtyIds=21&cityIds=3,1,44,2.27%,20.05
https://docta.me/doctors?specialtyIds=74&cityIds=1,1,43,2.33%,11.07
https://docta.me/doctors?specialtyIds=11&lang=sr-cyrl,1,43,2.33%,15.16
https://docta.me/doctors?specialtyIds=7&cityIds=6,1,42,2.38%,8.67
https://docta.me/clinics/1?lang=ru,1,42,2.38%,8.83
https://docta.me/doctors?specialtyIds=9&languageIds=1&cityIds=1,1,41,2.44%,9.59
https://docta.me/doctors/80,1,40,2.5%,6.47
https://docta.me/clinics/69?lang=sr-cyrl,1,40,2.5%,8.7
https://docta.me/doctors?clinicIds=35,1,39,2.56%,8.9
https://docta.me/clinics/66?lang=sr-cyrl,1,39,2.56%,13.36
https://docta.me/doctors?specialtyIds=7&languageIds=2,1,38,2.63%,7.39
https://docta.me/clinics/72,1,38,2.63%,9.79
https://docta.me/doctors?specialtyIds=6,1,37,2.7%,11.49
https://docta.me/doctors?specialtyIds=10&cityIds=7,1,37,2.7%,14.11
https://docta.me/doctors?clinicIds=67,1,36,2.78%,7.64
https://docta.me/doctors?specialtyIds=8&cityIds=1&lang=sr-cyrl,1,36,2.78%,9.08
https://docta.me/doctors?clinicIds=40,1,36,2.78%,10.78
https://docta.me/doctors?specialtyIds=5&cityIds=3&lang=sr-cyrl,1,36,2.78%,13.19
https://docta.me/doctors?specialtyIds=11&cityIds=7,1,35,2.86%,7.77
https://docta.me/doctors?specialtyIds=78&lang=ru,1,35,2.86%,8.26
https://docta.me/doctors?specialtyIds=1&languageIds=1&cityIds=6,1,35,2.86%,8.31
https://docta.me/doctors?specialtyIds=81,1,35,2.86%,8.8
https://docta.me/doctors?clinicIds=4,1,35,2.86%,9.46
https://docta.me/doctors?specialtyIds=46&cityIds=1&lang=sr-cyrl,1,35,2.86%,13.23
https://docta.me/doctors?clinicIds=57,1,34,2.94%,8.24
https://docta.me/doctors?specialtyIds=15&languageIds=1&cityIds=1,1,34,2.94%,11.06
https://docta.me/doctors?clinicIds=48,1,34,2.94%,12.26
https://docta.me/doctors?specialtyIds=7&languageIds=1&cityIds=1&lang=en,1,33,3.03%,6.73
https://docta.me/doctors?clinicIds=12&lang=en,1,33,3.03%,7.3
https://docta.me/doctors/674,1,33,3.03%,7.88
https://docta.me/doctors?clinicIds=48&lang=en,1,33,3.03%,8.09
https://docta.me/doctors?specialtyIds=7&languageIds=2&cityIds=1,1,33,3.03%,11.09
https://docta.me/doctors?specialtyIds=3&lang=sr-cyrl,1,33,3.03%,17.42
https://docta.me/doctors?specialtyIds=78&cityIds=1&lang=sr-cyrl,1,33,3.03%,17.45
https://docta.me/doctors?specialtyIds=77,1,32,3.12%,9.03
https://docta.me/doctors?specialtyIds=2&cityIds=2,1,32,3.12%,10.12
https://docta.me/doctors?specialtyIds=2&languageIds=1&cityIds=6,1,32,3.12%,10.22
https://docta.me/doctors?specialtyIds=1&cityIds=3&lang=sr-cyrl,1,32,3.12%,13.62
https://docta.me/doctors?specialtyIds=6&cityIds=3,1,31,3.23%,7
https://docta.me/doctors?clinicIds=5&lang=sr-cyrl,1,31,3.23%,9.1
https://docta.me/doctors?languageIds=1&cityIds=6,1,31,3.23%,9.1
https://docta.me/clinics/82?lang=ru,1,31,3.23%,9.16
https://docta.me/doctors/791?lang=sr-cyrl,1,31,3.23%,9.23
https://docta.me/doctors?specialtyIds=13&languageIds=3,1,31,3.23%,10.77
https://docta.me/doctors?specialtyIds=5&languageIds=1&cityIds=1&lang=sr-cyrl,1,31,3.23%,12.9
https://docta.me/clinics/45?lang=en,1,30,3.33%,7.6
https://docta.me/clinics/46?lang=en,1,30,3.33%,8.93
https://docta.me/clinics/40,1,30,3.33%,9.03
https://docta.me/doctors/274?lang=sr-cyrl,1,30,3.33%,9.13
https://docta.me/doctors?specialtyIds=13&cityIds=3,1,30,3.33%,9.77
https://docta.me/labtests?lang=en,1,30,3.33%,9.77
https://docta.me/doctors?specialtyIds=13&cityIds=7,1,30,3.33%,10.57
https://docta.me/doctors?clinicIds=58,1,30,3.33%,10.8
https://docta.me/doctors?specialtyIds=42&cityIds=1,1,30,3.33%,13.53
https://docta.me/doctors?clinicIds=65&lang=sr-cyrl,1,29,3.45%,8.07
https://docta.me/doctors?specialtyIds=77&cityIds=1,1,29,3.45%,8.41
https://docta.me/doctors?specialtyIds=45,1,29,3.45%,10.17
https://docta.me/doctors?specialtyIds=12&cityIds=3,1,29,3.45%,13
https://docta.me/doctors?specialtyIds=8&cityIds=2,1,29,3.45%,14.66
https://docta.me/doctors?specialtyIds=16&cityIds=7,1,29,3.45%,16.14
https://docta.me/doctors?specialtyIds=45&cityIds=6,1,28,3.57%,9.21
https://docta.me/doctors/675?lang=sr-cyrl,1,28,3.57%,9.61
https://docta.me/doctors?specialtyIds=11&cityIds=8&lang=en,1,28,3.57%,9.96
https://docta.me/doctors?clinicIds=8,1,28,3.57%,10.5
https://docta.me/doctors?specialtyIds=8&languageIds=1,1,28,3.57%,10.68
https://docta.me/doctors?clinicIds=9&lang=en,1,28,3.57%,11.18
https://docta.me/doctors/752?lang=sr-cyrl,1,28,3.57%,12.75
https://docta.me/doctors/766?lang=sr-cyrl,1,27,3.7%,5.04
https://docta.me/labtests?clinicIds=67,1,27,3.7%,9.41
https://docta.me/doctors?specialtyIds=8&cityIds=3,1,27,3.7%,10.33
https://docta.me/doctors?specialtyIds=5&languageIds=1&cityIds=6&lang=sr-cyrl,1,27,3.7%,13.11
https://docta.me/doctors?specialtyIds=27&cityIds=1,1,26,3.85%,6.46
https://docta.me/doctors?specialtyIds=7&cityIds=2&lang=sr-cyrl,1,26,3.85%,6.69
https://docta.me/doctors?specialtyIds=75&cityIds=1&lang=en,1,26,3.85%,7.23
https://docta.me/doctors?specialtyIds=21&cityIds=1&lang=en,1,26,3.85%,8.04
https://docta.me/doctors?specialtyIds=78&languageIds=1&lang=ru,1,26,3.85%,11.23
https://docta.me/doctors?specialtyIds=12&languageIds=2,1,26,3.85%,11.62
https://docta.me/doctors?specialtyIds=9&lang=en,1,26,3.85%,12.88
https://docta.me/doctors?specialtyIds=22&languageIds=3&cityIds=1&lang=en,1,25,4%,5.08
https://docta.me/clinics/38,1,25,4%,6.88
https://docta.me/doctors?specialtyIds=5&languageIds=1&lang=en,1,25,4%,9.84
https://docta.me/doctors?specialtyIds=2&cityIds=4,1,25,4%,10.08
https://docta.me/doctors?clinicIds=7&lang=sr-cyrl,1,25,4%,10.44
https://docta.me/doctors/66,1,25,4%,13.16
https://docta.me/doctors/545?lang=sr-cyrl,1,24,4.17%,4.38
https://docta.me/doctors?specialtyIds=23,1,24,4.17%,6.42
https://docta.me/clinics/79,1,24,4.17%,6.58
https://docta.me/doctors?specialtyIds=21&languageIds=1&cityIds=1&lang=sr-cyrl,1,24,4.17%,6.79
https://docta.me/doctors?clinicIds=64&lang=sr-cyrl,1,24,4.17%,7.54
https://docta.me/clinics/89?lang=sr-cyrl,1,24,4.17%,8.54
https://docta.me/doctors?specialtyIds=11&languageIds=2&cityIds=7,1,24,4.17%,10.04
https://docta.me/doctors?specialtyIds=2&languageIds=2&cityIds=1,1,24,4.17%,16.54
https://docta.me/doctors?specialtyIds=3&languageIds=2,1,24,4.17%,17.33
https://docta.me/doctors?specialtyIds=18&languageIds=2&cityIds=1,1,24,4.17%,18.12
https://docta.me/doctors?specialtyIds=80&cityIds=1,1,23,4.35%,7.09
https://docta.me/doctors?specialtyIds=13&languageIds=1&cityIds=3,1,23,4.35%,9.65
https://docta.me/doctors?specialtyIds=6&languageIds=3&cityIds=1,1,23,4.35%,9.91
https://docta.me/doctors/267,1,23,4.35%,11.17
https://docta.me/doctors?specialtyIds=51&languageIds=3&cityIds=1&lang=en,1,22,4.55%,4.55
https://docta.me/doctors?specialtyIds=81&languageIds=1&cityIds=1,1,22,4.55%,8.05
https://docta.me/doctors?specialtyIds=39&cityIds=1,1,22,4.55%,9.5
https://docta.me/doctors?specialtyIds=47&lang=sr-cyrl,1,22,4.55%,9.59
https://docta.me/doctors/852,1,22,4.55%,10.27
https://docta.me/doctors/104,1,22,4.55%,10.55
https://docta.me/clinics/32?lang=sr-cyrl,1,22,4.55%,13.82
https://docta.me/doctors?specialtyIds=21&lang=en,1,21,4.76%,5.71
https://docta.me/doctors?specialtyIds=7&languageIds=1&cityIds=2,1,21,4.76%,7.43
https://docta.me/doctors?specialtyIds=7&cityIds=3&lang=sr-cyrl,1,21,4.76%,7.57
https://docta.me/doctors/729,1,21,4.76%,7.76
https://docta.me/doctors?specialtyIds=16&languageIds=1&cityIds=2,1,21,4.76%,7.95
https://docta.me/doctors/675,1,21,4.76%,8.62
https://docta.me/doctors?specialtyIds=3&cityIds=4,1,21,4.76%,8.67
https://docta.me/doctors?specialtyIds=22&languageIds=1,1,21,4.76%,9.05
https://docta.me/doctors?specialtyIds=48&languageIds=1,1,21,4.76%,9.38
https://docta.me/doctors?specialtyIds=47&cityIds=1&lang=tr,1,21,4.76%,10.29
https://docta.me/doctors?specialtyIds=21&languageIds=3&cityIds=1,1,21,4.76%,10.9
https://docta.me/doctors?specialtyIds=13&languageIds=1&cityIds=7,1,21,4.76%,11.67
https://docta.me/clinics/77,1,21,4.76%,12.38
https://docta.me/doctors?specialtyIds=81&cityIds=3,1,21,4.76%,12.67
https://docta.me/doctors?specialtyIds=71&cityIds=1&lang=sr-cyrl,1,21,4.76%,13.81
https://docta.me/doctors?specialtyIds=5&lang=sr-cyrl,1,21,4.76%,14.14
https://docta.me/doctors?specialtyIds=16&languageIds=1&cityIds=7,1,21,4.76%,20.81
https://docta.me/clinics/36?lang=en,1,20,5%,6.65
https://docta.me/doctors/224,1,20,5%,6.75
https://docta.me/doctors/312?lang=sr-cyrl,1,20,5%,7.65
https://docta.me/clinics/25?lang=sr-cyrl,1,20,5%,8.15
https://docta.me/doctors?specialtyIds=1&cityIds=7&lang=sr-cyrl,1,20,5%,8.2
https://docta.me/doctors?clinicIds=68&lang=tr,1,20,5%,9.05
https://docta.me/doctors?specialtyIds=13&languageIds=2,1,20,5%,9.55
https://docta.me/doctors?specialtyIds=9&languageIds=2&cityIds=1,1,20,5%,9.85
https://docta.me/doctors?specialtyIds=78&languageIds=3&lang=ru,1,20,5%,11.6
https://docta.me/clinics/78?lang=de,1,20,5%,12.15
https://docta.me/doctors?specialtyIds=76&languageIds=1&cityIds=1&lang=en,1,20,5%,15.35
https://docta.me/doctors?specialtyIds=86&languageIds=2&cityIds=1,1,19,5.26%,7.47
https://docta.me/doctors/852?lang=sr-cyrl,1,19,5.26%,7.68
https://docta.me/doctors?clinicIds=3&lang=tr,1,19,5.26%,8
https://docta.me/doctors?specialtyIds=9&cityIds=7&lang=sr-cyrl,1,19,5.26%,8.37
https://docta.me/doctors/869?lang=en,1,19,5.26%,8.63
https://docta.me/doctors?specialtyIds=4&lang=sr-cyrl,1,19,5.26%,8.63
https://docta.me/doctors?clinicIds=49&lang=en,1,19,5.26%,9.63
https://docta.me/doctors?specialtyIds=24&languageIds=1&cityIds=1,1,19,5.26%,10
https://docta.me/doctors?languageIds=3&cityIds=1,1,19,5.26%,13.58
https://docta.me/clinics/64?lang=sr-cyrl,1,19,5.26%,13.95
https://docta.me/doctors?specialtyIds=75&cityIds=6,1,19,5.26%,14
https://docta.me/doctors?specialtyIds=22&cityIds=1&lang=sr-cyrl,1,19,5.26%,15.32
https://docta.me/doctors/766?lang=en,1,18,5.56%,4.83
https://docta.me/doctors/939,1,18,5.56%,5.39
https://docta.me/doctors/224?lang=sr-cyrl,1,18,5.56%,6.33
https://docta.me/doctors?cityIds=4&lang=sr-cyrl,1,18,5.56%,6.56
https://docta.me/doctors/356?lang=en,1,18,5.56%,6.78
https://docta.me/doctors?specialtyIds=36&cityIds=2,1,18,5.56%,7
https://docta.me/doctors?specialtyIds=50&cityIds=1,1,18,5.56%,7
https://docta.me/doctors?specialtyIds=52&lang=sr-cyrl,1,18,5.56%,7.67
https://docta.me/doctors/209?lang=sr-cyrl,1,18,5.56%,7.89
https://docta.me/clinics/23,1,18,5.56%,8.44
https://docta.me/doctors?specialtyIds=80&languageIds=1&cityIds=1,1,18,5.56%,8.67
https://docta.me/doctors?specialtyIds=7&cityIds=7,1,18,5.56%,8.78
https://docta.me/doctors?specialtyIds=14&cityIds=3,1,18,5.56%,9.28
https://docta.me/doctors?specialtyIds=45&lang=de,1,18,5.56%,10.78
https://docta.me/doctors?specialtyIds=10&languageIds=2&cityIds=1,1,18,5.56%,11.44
https://docta.me/doctors?specialtyIds=47&cityIds=1&lang=en,1,18,5.56%,11.5
https://docta.me/doctors?specialtyIds=50&cityIds=1&lang=sr-cyrl,1,18,5.56%,13.72
https://docta.me/labtests?clinicIds=48&lang=en,1,18,5.56%,16.94
https://docta.me/doctors?specialtyIds=17&cityIds=1&lang=tr,1,18,5.56%,17.61
https://docta.me/doctors?specialtyIds=8&lang=sr-cyrl,1,18,5.56%,23.61
https://docta.me/doctors/450?lang=sr-cyrl,1,17,5.88%,6.35
https://docta.me/doctors/734,1,17,5.88%,6.82
https://docta.me/doctors?specialtyIds=9&languageIds=1&cityIds=1&lang=sr-cyrl,1,17,5.88%,8.12
https://docta.me/doctors?specialtyIds=25&cityIds=1,1,17,5.88%,8.24
https://docta.me/clinics/80?lang=en,1,17,5.88%,8.71
https://docta.me/doctors?specialtyIds=39&cityIds=7,1,17,5.88%,8.71
https://docta.me/doctors?specialtyIds=15&cityIds=4,1,17,5.88%,8.94
https://docta.me/doctors?specialtyIds=17&lang=ru,1,17,5.88%,9.18
https://docta.me/doctors?specialtyIds=12&cityIds=2,1,17,5.88%,9.35
https://docta.me/doctors?specialtyIds=49&cityIds=1,1,17,5.88%,9.59
https://docta.me/doctors?clinicIds=29&lang=sr-cyrl,1,17,5.88%,12.65
https://docta.me/doctors?specialtyIds=9&languageIds=3&cityIds=1,1,17,5.88%,12.82
https://docta.me/doctors?specialtyIds=12&languageIds=3&cityIds=1,1,17,5.88%,14.35
https://docta.me/clinics/83,1,17,5.88%,14.41
https://docta.me/doctors?specialtyIds=44&languageIds=1,1,17,5.88%,14.53
https://docta.me/doctors/101,1,17,5.88%,14.88
https://docta.me/doctors?specialtyIds=14&lang=sr-cyrl,1,17,5.88%,15.29
https://docta.me/clinics/70?lang=ru,1,17,5.88%,19.65
https://docta.me/clinics/29?lang=ru,1,17,5.88%,27.41
https://docta.me/doctors/407,1,16,6.25%,5.75
https://docta.me/doctors?specialtyIds=44&cityIds=4&lang=en,1,16,6.25%,5.88
https://docta.me/doctors/754?lang=sr-cyrl,1,16,6.25%,5.94
https://docta.me/doctors?specialtyIds=16&lang=en,1,16,6.25%,6.44
https://docta.me/doctors?specialtyIds=40&cityIds=1,1,16,6.25%,7.19
https://docta.me/doctors?specialtyIds=37&cityIds=1,1,16,6.25%,7.31
https://docta.me/doctors/330?lang=ru,1,16,6.25%,7.44
https://docta.me/doctors?specialtyIds=38&languageIds=1,1,16,6.25%,7.44
https://docta.me/doctors?specialtyIds=31&cityIds=1&lang=sr-cyrl,1,16,6.25%,8
https://docta.me/clinics/17?lang=en,1,16,6.25%,8.5
https://docta.me/services?clinicIds=48,1,16,6.25%,8.94
https://docta.me/doctors?specialtyIds=25,1,16,6.25%,9.62
https://docta.me/doctors/719?lang=sr-cyrl,1,16,6.25%,9.69
https://docta.me/doctors?clinicIds=65&lang=ru,1,16,6.25%,10.06
https://docta.me/clinics/54?lang=tr,1,16,6.25%,11.12
https://docta.me/doctors?clinicIds=59&lang=sr-cyrl,1,16,6.25%,13.94
https://docta.me/doctors?specialtyIds=47&languageIds=1,1,16,6.25%,17.12
https://docta.me/clinics/milmedika-niksic,1,16,6.25%,22.12
https://docta.me/doctors?specialtyIds=11&languageIds=1&cityIds=7&lang=sr-cyrl,1,15,6.67%,5.67
https://docta.me/doctors?specialtyIds=17&languageIds=1&lang=en,1,15,6.67%,7.53
https://docta.me/doctors?clinicIds=35&lang=en,1,15,6.67%,8.33
https://docta.me/clinics?cityIds=7,1,15,6.67%,8.73
https://docta.me/doctors?specialtyIds=12&cityIds=8&lang=en,1,15,6.67%,8.93
https://docta.me/doctors/333?lang=sr-cyrl,1,15,6.67%,9.4
https://docta.me/doctors/718?lang=sr-cyrl,1,15,6.67%,9.53
https://docta.me/doctors?specialtyIds=6&cityIds=2&lang=en,1,15,6.67%,9.93
https://docta.me/doctors/26,1,15,6.67%,12.07
https://docta.me/doctors?specialtyIds=10&languageIds=1&cityIds=6,1,15,6.67%,12.4
https://docta.me/doctors?specialtyIds=22&lang=sr-cyrl,1,15,6.67%,16.87
https://docta.me/doctors?specialtyIds=78&languageIds=3&cityIds=1&lang=en,1,15,6.67%,26.67
https://docta.me/clinics/20,1,14,7.14%,1.36
https://docta.me/doctors/443?lang=sr-cyrl,1,14,7.14%,7
https://docta.me/doctors?specialtyIds=8&languageIds=1&cityIds=6&lang=ru,1,14,7.14%,7.14
https://docta.me/doctors/382?lang=sr-cyrl,1,14,7.14%,7.79
https://docta.me/doctors?specialtyIds=11&cityIds=4&lang=sr-cyrl,1,14,7.14%,7.86
https://docta.me/doctors?specialtyIds=3&languageIds=1&cityIds=1&lang=en,1,14,7.14%,8.29
https://docta.me/doctors?clinicIds=48&lang=sr-cyrl,1,14,7.14%,8.86
https://docta.me/doctors/595,1,14,7.14%,9.21
https://docta.me/doctors?specialtyIds=45&lang=sr-cyrl,1,14,7.14%,9.57
https://docta.me/doctors?specialtyIds=82&cityIds=1,1,14,7.14%,9.57
https://docta.me/doctors?specialtyIds=1&cityIds=5,1,14,7.14%,10.79
https://docta.me/doctors?specialtyIds=71&languageIds=1,1,14,7.14%,12.07
https://docta.me/doctors/41?lang=sr-cyrl,1,14,7.14%,13.93
https://docta.me/doctors?specialtyIds=34&languageIds=3&cityIds=1,1,14,7.14%,14
https://docta.me/doctors?specialtyIds=20,1,14,7.14%,14.43
https://docta.me/doctors/85,1,14,7.14%,14.64
https://docta.me/doctors?specialtyIds=12&languageIds=1&cityIds=8,1,14,7.14%,28.36
https://docta.me/doctors/600?lang=de,1,14,7.14%,29.5
https://docta.me/doctors?specialtyIds=7&languageIds=3&cityIds=1&lang=en,1,13,7.69%,5.15
https://docta.me/doctors?specialtyIds=45&languageIds=1&cityIds=7,1,13,7.69%,6.46
https://docta.me/doctors?specialtyIds=37,1,13,7.69%,6.69
https://docta.me/doctors?specialtyIds=16&languageIds=1&cityIds=4,1,13,7.69%,6.92
https://docta.me/doctors?specialtyIds=34&languageIds=2,1,13,7.69%,7.08
https://docta.me/doctors?clinicIds=16,1,13,7.69%,7.15
https://docta.me/doctors/461,1,13,7.69%,7.46
https://docta.me/doctors?specialtyIds=6&cityIds=1&lang=ru,1,13,7.69%,8.08
https://docta.me/doctors?specialtyIds=4&cityIds=1&lang=en,1,13,7.69%,8.62
https://docta.me/doctors?specialtyIds=23&languageIds=1&cityIds=1,1,13,7.69%,8.77
https://docta.me/doctors/594,1,13,7.69%,8.85
https://docta.me/doctors/60,1,13,7.69%,9.08
https://docta.me/doctors?specialtyIds=18&lang=sr-cyrl,1,13,7.69%,9.15
https://docta.me/doctors?specialtyIds=11&languageIds=3&cityIds=7&lang=en,1,13,7.69%,9.31
https://docta.me/doctors?specialtyIds=12&languageIds=1&lang=sr-cyrl,1,13,7.69%,9.38
https://docta.me/doctors?languageIds=2&cityIds=8,1,13,7.69%,9.46
https://docta.me/doctors?specialtyIds=5&cityIds=3&lang=ru,1,13,7.69%,9.54
https://docta.me/doctors?clinicIds=35&lang=sr-cyrl,1,13,7.69%,10.62
https://docta.me/doctors?specialtyIds=1&languageIds=2&cityIds=1,1,13,7.69%,12.46
https://docta.me/doctors?clinicIds=42,1,13,7.69%,14
https://docta.me/doctors?specialtyIds=87&languageIds=2,1,13,7.69%,15.08
https://docta.me/clinics/36?lang=ru,1,12,8.33%,3.42
https://docta.me/doctors/765?lang=sr-cyrl,1,12,8.33%,5.92
https://docta.me/doctors/444?lang=sr-cyrl,1,12,8.33%,6.83
https://docta.me/doctors?specialtyIds=48&cityIds=3&lang=ru,1,12,8.33%,7.17
https://docta.me/doctors/740?lang=sr-cyrl,1,12,8.33%,7.58
https://docta.me/doctors/785?lang=sr-cyrl,1,12,8.33%,7.58
https://docta.me/doctors/664,1,12,8.33%,8.67
https://docta.me/doctors?languageIds=1,1,12,8.33%,8.75
https://docta.me/doctors?specialtyIds=2&languageIds=1&cityIds=3,1,12,8.33%,9.25
https://docta.me/doctors?specialtyIds=4&cityIds=5,1,12,8.33%,9.42
https://docta.me/doctors?specialtyIds=43&cityIds=1,1,12,8.33%,9.42
https://docta.me/doctors?specialtyIds=52&languageIds=2&cityIds=1,1,12,8.33%,9.92
https://docta.me/clinics/89,1,12,8.33%,10.33
https://docta.me/doctors?specialtyIds=14&languageIds=1&cityIds=2,1,12,8.33%,11.25
https://docta.me/doctors?specialtyIds=73,1,12,8.33%,11.25
https://docta.me/doctors/632,1,12,8.33%,11.33
https://docta.me/doctors?specialtyIds=78&lang=tr,1,12,8.33%,12.08
https://docta.me/doctors?specialtyIds=81&languageIds=1,1,12,8.33%,12.17
https://docta.me/doctors?specialtyIds=4&languageIds=1&cityIds=7,1,12,8.33%,12.42
https://docta.me/doctors?specialtyIds=8&languageIds=1&lang=en,1,12,8.33%,13.67
https://docta.me/doctors?specialtyIds=25&lang=sr-cyrl,1,12,8.33%,13.75
https://docta.me/doctors?specialtyIds=52&languageIds=1,1,12,8.33%,14.17
https://docta.me/doctors/610,1,12,8.33%,15.33
https://docta.me/doctors?specialtyIds=5&languageIds=1&cityIds=7&lang=sr-cyrl,1,12,8.33%,15.33
https://docta.me/services/1541,1,12,8.33%,35
https://docta.me/doctors?specialtyIds=17&languageIds=2&cityIds=1&lang=ru,1,11,9.09%,4.82
https://docta.me/medications?lang=ru,1,11,9.09%,5
https://docta.me/doctors/678,1,11,9.09%,6
https://docta.me/doctors/733,1,11,9.09%,6.45
https://docta.me/doctors?specialtyIds=15&languageIds=1&cityIds=1&lang=sr-cyrl,1,11,9.09%,7
https://docta.me/doctors?specialtyIds=82&languageIds=2&cityIds=1&lang=ru,1,11,9.09%,7
https://docta.me/doctors?specialtyIds=13&cityIds=1&lang=tr,1,11,9.09%,7.27
https://docta.me/doctors?clinicIds=30&lang=ru,1,11,9.09%,7.55
https://docta.me/doctors?specialtyIds=15&languageIds=1&cityIds=4,1,11,9.09%,7.91
https://docta.me/doctors?specialtyIds=7&cityIds=7&lang=sr-cyrl,1,11,9.09%,8.18
https://docta.me/doctors/458,1,11,9.09%,8.36
https://docta.me/doctors?clinicIds=46,1,11,9.09%,8.36
https://docta.me/doctors?specialtyIds=46&lang=sr-cyrl,1,11,9.09%,8.45
https://docta.me/doctors/121,1,11,9.09%,8.91
https://docta.me/doctors?specialtyIds=46&lang=en,1,11,9.09%,9.36
https://docta.me/doctors/850,1,11,9.09%,9.55
https://docta.me/clinics/69?lang=en,1,11,9.09%,9.91
https://docta.me/doctors/835?lang=sr-cyrl,1,11,9.09%,10.18
https://docta.me/clinics/72?lang=tr,1,11,9.09%,10.55
https://docta.me/doctors?specialtyIds=13&lang=sr-cyrl,1,11,9.09%,10.55
https://docta.me/doctors?specialtyIds=42&languageIds=1,1,11,9.09%,11.64
https://docta.me/doctors?specialtyIds=16&cityIds=7&lang=sr-cyrl,1,11,9.09%,11.73
https://docta.me/doctors?specialtyIds=2&cityIds=6&lang=sr-cyrl,1,11,9.09%,12.64
https://docta.me/doctors?specialtyIds=8&languageIds=1&lang=sr-cyrl,1,11,9.09%,13.27
https://docta.me/doctors?specialtyIds=39&languageIds=1,1,11,9.09%,14.82
https://docta.me/doctors?specialtyIds=13&languageIds=1&cityIds=3&lang=sr-cyrl,1,11,9.09%,16.09
https://docta.me/clinics/72?lang=sr-cyrl,1,11,9.09%,17.45
https://docta.me/doctors?specialtyIds=76&languageIds=1&cityIds=1&lang=ru,1,11,9.09%,21.09
https://docta.me/doctors?clinicIds=62&lang=sr-cyrl,1,11,9.09%,25.45
https://docta.me/doctors?specialtyIds=17&languageIds=3&cityIds=7&lang=ru,1,10,10%,6.6
https://docta.me/doctors?specialtyIds=80&cityIds=1&lang=en,1,10,10%,6.6
https://docta.me/doctors?clinicIds=39&lang=en,1,10,10%,6.7
https://docta.me/doctors?specialtyIds=76&lang=ru,1,10,10%,7.2
https://docta.me/clinics/19?lang=en,1,10,10%,7.3
https://docta.me/doctors?specialtyIds=7&languageIds=1&lang=sr-cyrl,1,10,10%,7.5
https://docta.me/doctors?specialtyIds=78&languageIds=1&cityIds=4,1,10,10%,7.8
https://docta.me/doctors/589,1,10,10%,8.1
https://docta.me/doctors?specialtyIds=34&languageIds=3&cityIds=1&lang=ru,1,10,10%,8.1
https://docta.me/doctors?specialtyIds=9&cityIds=4&lang=en,1,10,10%,8.1
https://docta.me/doctors?languageIds=3&cityIds=2,1,10,10%,8.5
https://docta.me/doctors?specialtyIds=16&lang=de,1,10,10%,8.6
https://docta.me/doctors?specialtyIds=10&languageIds=1&cityIds=2&lang=en,1,10,10%,9.1
https://docta.me/doctors?specialtyIds=3&cityIds=3&lang=en,1,10,10%,9.1
https://docta.me/doctors/904,1,10,10%,9.9
https://docta.me/clinics/83?lang=de,1,10,10%,10.5
https://docta.me/doctors?specialtyIds=11&languageIds=1&cityIds=3&lang=ru,1,10,10%,11.8
https://docta.me/doctors?specialtyIds=12&languageIds=2&cityIds=8,1,10,10%,11.9
https://docta.me/doctors?specialtyIds=74&languageIds=3&cityIds=1,1,10,10%,12.2
https://docta.me/doctors?specialtyIds=11&languageIds=1&cityIds=8,1,10,10%,12.6
https://docta.me/doctors?specialtyIds=50&languageIds=1,1,10,10%,16
https://docta.me/clinics/23?lang=sr-cyrl,1,10,10%,17.1
https://docta.me/doctors?specialtyIds=12&languageIds=1&cityIds=3,1,10,10%,22
https://docta.me/clinics/59?lang=de,1,10,10%,22.2
https://docta.me/doctors?specialtyIds=8&cityIds=1&lang=de,1,10,10%,23.3
https://docta.me/doctors?specialtyIds=74&lang=sr-cyrl,1,10,10%,24.6
https://docta.me/doctors?specialtyIds=6&languageIds=1&cityIds=3&lang=en,1,9,11.11%,5.22
https://docta.me/doctors/849,1,9,11.11%,5.78
https://docta.me/doctors?specialtyIds=18&languageIds=1,1,9,11.11%,5.89
https://docta.me/doctors?specialtyIds=8&cityIds=3&lang=ru,1,9,11.11%,6.11
https://docta.me/doctors?specialtyIds=87&cityIds=3,1,9,11.11%,6.78
https://docta.me/doctors?specialtyIds=45&languageIds=3&lang=en,1,9,11.11%,6.89
https://docta.me/doctors/968?lang=sr-cyrl,1,9,11.11%,7.11
https://docta.me/doctors?specialtyIds=10&languageIds=2,1,9,11.11%,7.11
https://docta.me/doctors?clinicIds=47&lang=sr-cyrl,1,9,11.11%,7.67
https://docta.me/doctors?specialtyIds=7&languageIds=1&cityIds=7,1,9,11.11%,8
https://docta.me/doctors?specialtyIds=11&cityIds=7&lang=en,1,9,11.11%,8.78
https://docta.me/doctors?specialtyIds=1&languageIds=3,1,9,11.11%,9.11
https://docta.me/clinics/34?lang=ru,1,9,11.11%,9.33
https://docta.me/doctors?specialtyIds=27&languageIds=1,1,9,11.11%,9.56
https://docta.me/clinics/86?lang=de,1,9,11.11%,9.89
https://docta.me/doctors?specialtyIds=45&cityIds=6&lang=en,1,9,11.11%,9.89
https://docta.me/doctors?clinicIds=65&lang=tr,1,9,11.11%,10
https://docta.me/doctors?specialtyIds=4&languageIds=2&lang=ru,1,9,11.11%,10
https://docta.me/doctors?specialtyIds=29,1,9,11.11%,10.22
https://docta.me/doctors/46?lang=sr-cyrl,1,9,11.11%,11.22
https://docta.me/doctors?clinicIds=15&lang=tr,1,9,11.11%,12.22
https://docta.me/doctors?specialtyIds=5&lang=tr,1,9,11.11%,13.78
https://docta.me/doctors?specialtyIds=33&cityIds=2,1,9,11.11%,15
https://docta.me/doctors?specialtyIds=45&languageIds=2&cityIds=1,1,9,11.11%,16
https://docta.me/doctors?specialtyIds=40&cityIds=7,1,9,11.11%,22.56
https://docta.me/doctors?specialtyIds=9&languageIds=2&cityIds=1&lang=ru,1,9,11.11%,24.22
https://docta.me/doctors?specialtyIds=4&languageIds=1&cityIds=7&lang=sr-cyrl,1,9,11.11%,24.44
https://docta.me/services/4115?lang=en,1,8,12.5%,3.25
https://docta.me/doctors/890?lang=sr-cyrl,1,8,12.5%,3.75
https://docta.me/doctors/375?lang=sr-cyrl,1,8,12.5%,4.38
https://docta.me/doctors/861?lang=sr-cyrl,1,8,12.5%,4.62
https://docta.me/doctors?specialtyIds=1&languageIds=3&cityIds=1&lang=en,1,8,12.5%,4.62
https://docta.me/doctors?specialtyIds=20&languageIds=1&cityIds=2&lang=en,1,8,12.5%,4.62
https://docta.me/doctors/647,1,8,12.5%,5.62
https://docta.me/doctors?specialtyIds=38&languageIds=2,1,8,12.5%,6
https://docta.me/doctors/10?lang=en,1,8,12.5%,6.38
https://docta.me/doctors/110?lang=sr-cyrl,1,8,12.5%,6.75
https://docta.me/doctors?specialtyIds=3&languageIds=1&cityIds=6,1,8,12.5%,7
https://docta.me/doctors/14?lang=sr-cyrl,1,8,12.5%,7.38
https://docta.me/doctors?specialtyIds=38&lang=ru,1,8,12.5%,7.38
https://docta.me/doctors/604,1,8,12.5%,7.5
https://docta.me/doctors?specialtyIds=28&languageIds=1,1,8,12.5%,7.62
https://docta.me/doctors?specialtyIds=9&cityIds=3&lang=en,1,8,12.5%,7.62
https://docta.me/doctors/439,1,8,12.5%,8
https://docta.me/doctors?clinicIds=23&lang=en,1,8,12.5%,8
https://docta.me/doctors/543,1,8,12.5%,8.62
https://docta.me/doctors/837,1,8,12.5%,8.62
https://docta.me/doctors/209?lang=ru,1,8,12.5%,9
https://docta.me/doctors?specialtyIds=24&lang=sr-cyrl,1,8,12.5%,9.12
https://docta.me/doctors?specialtyIds=26,1,8,12.5%,9.12
https://docta.me/doctors?specialtyIds=18,1,8,12.5%,9.38
https://docta.me/services/3946,1,8,12.5%,9.5
https://docta.me/doctors?specialtyIds=11&languageIds=1&cityIds=4&lang=sr-cyrl,1,8,12.5%,9.75
https://docta.me/doctors?specialtyIds=9&cityIds=1&lang=ru,1,8,12.5%,9.75
https://docta.me/doctors?specialtyIds=68&cityIds=1&lang=en,1,8,12.5%,10
https://docta.me/doctors/637?lang=en,1,8,12.5%,11.5
https://docta.me/doctors/634,1,8,12.5%,11.88
https://docta.me/doctors?specialtyIds=82&lang=en,1,8,12.5%,12
https://docta.me/doctors?specialtyIds=42&lang=sr-cyrl,1,8,12.5%,12.25
https://docta.me/doctors?specialtyIds=13&languageIds=2&cityIds=7,1,8,12.5%,12.62
https://docta.me/doctors?specialtyIds=78&languageIds=2,1,8,12.5%,14.5
https://docta.me/doctors?specialtyIds=44&lang=ru,1,8,12.5%,14.62
https://docta.me/doctors/333?lang=ru,1,8,12.5%,14.75
https://docta.me/doctors/532?lang=en,1,8,12.5%,15.38
https://docta.me/doctors?specialtyIds=10&cityIds=4&lang=sr-cyrl,1,8,12.5%,15.38
https://docta.me/doctors?specialtyIds=35,1,8,12.5%,15.88
https://docta.me/doctors?specialtyIds=11&languageIds=3&cityIds=7,1,8,12.5%,18.88
https://docta.me/services/3695?lang=ru,1,8,12.5%,18.88
https://docta.me/doctors?specialtyIds=8&languageIds=2,1,8,12.5%,19.38
https://docta.me/doctors/121?lang=sr-cyrl,1,8,12.5%,20
https://docta.me/doctors?specialtyIds=8&cityIds=4,1,8,12.5%,20.12
https://docta.me/services/1746?lang=ru,1,8,12.5%,26.62
https://docta.me/doctors/960?lang=ru,1,8,12.5%,28.75
https://docta.me/doctors?specialtyIds=13&languageIds=1&cityIds=1&lang=ru,1,8,12.5%,36.62
https://docta.me/labtests/253?lang=en,1,7,14.29%,2.57
https://docta.me/labtests?lang=ru,1,7,14.29%,4.57
https://docta.me/clinics?lang=ru,1,7,14.29%,4.71
https://docta.me/doctors/519?lang=ru,1,7,14.29%,4.71
https://docta.me/doctors/383?lang=sr-cyrl,1,7,14.29%,5
https://docta.me/clinics/44?lang=de,1,7,14.29%,5.29
https://docta.me/doctors?clinicIds=62&lang=ru,1,7,14.29%,5.71
https://docta.me/doctors/919?lang=sr-cyrl,1,7,14.29%,5.86
https://docta.me/doctors/14?lang=en,1,7,14.29%,6.29
https://docta.me/doctors?languageIds=2&cityIds=8&lang=en,1,7,14.29%,6.57
https://docta.me/doctors?clinicIds=64&lang=ru,1,7,14.29%,6.71
https://docta.me/doctors?specialtyIds=11&languageIds=2&lang=ru,1,7,14.29%,6.86
https://docta.me/doctors?specialtyIds=7&languageIds=1&cityIds=3&lang=ru,1,7,14.29%,7
https://docta.me/doctors/962,1,7,14.29%,7.14
https://docta.me/services/1959,1,7,14.29%,7.14
https://docta.me/doctors?specialtyIds=34&languageIds=3&cityIds=7,1,7,14.29%,7.43
https://docta.me/doctors?specialtyIds=8&languageIds=3&lang=ru,1,7,14.29%,7.43
https://docta.me/doctors?specialtyIds=1&cityIds=2&lang=sr-cyrl,1,7,14.29%,7.57
https://docta.me/doctors/718?lang=en,1,7,14.29%,8.14
https://docta.me/doctors?clinicIds=38&lang=en,1,7,14.29%,8.14
https://docta.me/doctors?specialtyIds=11&languageIds=1&cityIds=7&lang=tr,1,7,14.29%,8.14
https://docta.me/doctors?specialtyIds=75&languageIds=3&cityIds=1&lang=en,1,7,14.29%,8.14
https://docta.me/doctors?specialtyIds=32&cityIds=3,1,7,14.29%,8.29
https://docta.me/doctors?specialtyIds=49&languageIds=3&cityIds=1,1,7,14.29%,8.29
https://docta.me/doctors?specialtyIds=70&lang=en,1,7,14.29%,8.29
https://docta.me/doctors/821?lang=sr-cyrl,1,7,14.29%,8.86
https://docta.me/doctors?clinicIds=23&lang=ru,1,7,14.29%,9
https://docta.me/doctors?specialtyIds=73&cityIds=4,1,7,14.29%,9.57
https://docta.me/doctors?specialtyIds=43&languageIds=1,1,7,14.29%,9.71
https://docta.me/doctors/781?lang=sr-cyrl,1,7,14.29%,9.86
https://docta.me/doctors?specialtyIds=39&cityIds=1&lang=sr-cyrl,1,7,14.29%,11.43
https://docta.me/doctors?specialtyIds=76&lang=sr-cyrl,1,7,14.29%,12.43
https://docta.me/doctors?specialtyIds=9&cityIds=4&lang=ru,1,7,14.29%,12.43
https://docta.me/doctors?specialtyIds=74&languageIds=2&cityIds=1,1,7,14.29%,13.29
https://docta.me/doctors?languageIds=3&cityIds=4&lang=en,1,7,14.29%,13.57
https://docta.me/doctors?specialtyIds=13&lang=ru,1,7,14.29%,14.43
https://docta.me/doctors?specialtyIds=10&languageIds=1&lang=en,1,7,14.29%,15.43
https://docta.me/doctors?specialtyIds=13&languageIds=3&cityIds=7,1,7,14.29%,20.71
https://docta.me/doctors?specialtyIds=69&lang=en,1,7,14.29%,22.14
https://docta.me/doctors/9,1,7,14.29%,24.29
https://docta.me/doctors?specialtyIds=45&languageIds=2,1,7,14.29%,28.43
https://docta.me/doctors?specialtyIds=51&languageIds=3&cityIds=1,1,7,14.29%,35.57
https://docta.me/doctors/467?lang=sr-cyrl,1,6,16.67%,3.5
https://docta.me/doctors/218,1,6,16.67%,4.5
https://docta.me/doctors/765?lang=en,1,6,16.67%,4.5
https://docta.me/doctors?specialtyIds=70&cityIds=1&lang=en,1,6,16.67%,5.67
https://docta.me/services/3637?lang=en,1,6,16.67%,5.67
https://docta.me/doctors?specialtyIds=49&languageIds=2&cityIds=1,1,6,16.67%,5.83
https://docta.me/doctors?specialtyIds=76&cityIds=1&lang=ru,1,6,16.67%,5.83
https://docta.me/doctors/451,1,6,16.67%,6
https://docta.me/doctors/743?lang=sr-cyrl,1,6,16.67%,6
https://docta.me/doctors?specialtyIds=12&languageIds=1&cityIds=2,1,6,16.67%,6
https://docta.me/doctors?specialtyIds=50&lang=ru,1,6,16.67%,6
https://docta.me/doctors/247,1,6,16.67%,6.83
https://docta.me/doctors/780,1,6,16.67%,6.83
https://docta.me/doctors?clinicIds=22&lang=tr,1,6,16.67%,6.83
https://docta.me/doctors/157?lang=sr-cyrl,1,6,16.67%,7
https://docta.me/doctors?clinicIds=25&lang=sr-cyrl,1,6,16.67%,7.67
https://docta.me/doctors/226?lang=sr-cyrl,1,6,16.67%,7.83
https://docta.me/doctors?specialtyIds=15&cityIds=2&lang=sr-cyrl,1,6,16.67%,7.83
https://docta.me/doctors?specialtyIds=22&cityIds=2&lang=sr-cyrl,1,6,16.67%,8.17
https://docta.me/labtests/357,1,6,16.67%,8.17
https://docta.me/doctors/46,1,6,16.67%,8.5
https://docta.me/doctors?specialtyIds=20&languageIds=1&cityIds=2,1,6,16.67%,8.5
https://docta.me/doctors/275?lang=sr-cyrl,1,6,16.67%,8.67
https://docta.me/doctors?specialtyIds=49&languageIds=1&cityIds=1,1,6,16.67%,8.83
https://docta.me/clinics/48?lang=ru,1,6,16.67%,9.33
https://docta.me/doctors/769,1,6,16.67%,9.33
https://docta.me/doctors?clinicIds=46&lang=ru,1,6,16.67%,9.33
https://docta.me/doctors?specialtyIds=16&cityIds=3,1,6,16.67%,9.33
https://docta.me/doctors?specialtyIds=12&languageIds=1&cityIds=6,1,6,16.67%,9.5
https://docta.me/doctors?specialtyIds=44&languageIds=1&cityIds=2,1,6,16.67%,9.5
https://docta.me/doctors?specialtyIds=8&languageIds=3&lang=en,1,6,16.67%,9.5
https://docta.me/clinics/in-vitro-plus-podgorica?lang=ru,1,6,16.67%,9.83
https://docta.me/doctors/517?lang=sr-cyrl,1,6,16.67%,10
https://docta.me/doctors?specialtyIds=39&lang=sr-cyrl,1,6,16.67%,11.67
https://docta.me/services/3161,1,6,16.67%,12
https://docta.me/doctors/392?lang=sr-cyrl,1,6,16.67%,12.83
https://docta.me/doctors?specialtyIds=52&languageIds=1&cityIds=1&lang=en,1,6,16.67%,15.33
https://docta.me/doctors?specialtyIds=19&lang=ru,1,6,16.67%,16.5
https://docta.me/doctors?specialtyIds=4&cityIds=7&lang=en,1,6,16.67%,18.67
https://docta.me/doctors?specialtyIds=19&languageIds=1&lang=en,1,6,16.67%,20.67
https://docta.me/doctors?specialtyIds=22&languageIds=1&cityIds=1&lang=sr-cyrl,1,6,16.67%,22.83
https://docta.me/services/1486,1,6,16.67%,25.17
https://docta.me/doctors?specialtyIds=12&cityIds=2&lang=en,1,6,16.67%,35.5
https://docta.me/doctors?specialtyIds=48&languageIds=1&cityIds=1,1,5,20%,4.2
https://docta.me/doctors?specialtyIds=1&languageIds=1&lang=ru,1,5,20%,4.6
https://docta.me/doctors/96?lang=ru,1,5,20%,5.2
https://docta.me/doctors/544,1,5,20%,5.4
https://docta.me/doctors?specialtyIds=17&languageIds=3&lang=en,1,5,20%,5.4
https://docta.me/doctors?specialtyIds=18&languageIds=1&cityIds=1&lang=ru,1,5,20%,5.4
https://docta.me/doctors?specialtyIds=4&languageIds=2&cityIds=1&lang=ru,1,5,20%,5.4
https://docta.me/doctors/444?lang=en,1,5,20%,5.6
https://docta.me/doctors/905?lang=sr-cyrl,1,5,20%,5.8
https://docta.me/doctors?specialtyIds=27&cityIds=2,1,5,20%,6.2
https://docta.me/doctors/759,1,5,20%,6.4
https://docta.me/doctors?specialtyIds=34&languageIds=3,1,5,20%,6.4
https://docta.me/doctors/433?lang=en,1,5,20%,6.6
https://docta.me/doctors?specialtyIds=36&cityIds=1&lang=sr-cyrl,1,5,20%,6.6
https://docta.me/doctors?specialtyIds=38&languageIds=2&cityIds=1,1,5,20%,7
https://docta.me/doctors/32,1,5,20%,7.2
https://docta.me/services/3946?lang=en,1,5,20%,7.2
https://docta.me/doctors/275,1,5,20%,7.4
https://docta.me/doctors/352,1,5,20%,7.4
https://docta.me/doctors/873?lang=ru,1,5,20%,7.6
https://docta.me/doctors/941?lang=ru,1,5,20%,7.6
https://docta.me/doctors?specialtyIds=21&languageIds=2&cityIds=1&lang=sr-cyrl,1,5,20%,7.6
https://docta.me/services/3540,1,5,20%,7.6
https://docta.me/doctors?specialtyIds=70&cityIds=1,1,5,20%,7.8
https://docta.me/labtests/203,1,5,20%,7.8
https://docta.me/doctors?cityIds=2&lang=tr,1,5,20%,8
https://docta.me/doctors?specialtyIds=51&languageIds=2&lang=ru,1,5,20%,8
https://docta.me/services/3712,1,5,20%,8
https://docta.me/doctors/203,1,5,20%,8.2
https://docta.me/doctors/603?lang=sr-cyrl,1,5,20%,8.4
https://docta.me/doctors/772?lang=sr-cyrl,1,5,20%,8.4
https://docta.me/doctors/645,1,5,20%,8.6
https://docta.me/doctors?specialtyIds=11&languageIds=1&cityIds=6,1,5,20%,8.6
https://docta.me/doctors?specialtyIds=76&languageIds=2&lang=ru,1,5,20%,8.8
https://docta.me/doctors/124?lang=sr-cyrl,1,5,20%,9
https://docta.me/doctors/785?lang=en,1,5,20%,9
https://docta.me/doctors/885,1,5,20%,9.4
https://docta.me/doctors?specialtyIds=15&cityIds=4&lang=sr-cyrl,1,5,20%,9.4
https://docta.me/doctors?specialtyIds=2&cityIds=7,1,5,20%,9.4
https://docta.me/doctors?specialtyIds=3&cityIds=5&lang=sr-cyrl,1,5,20%,9.4
https://docta.me/clinics/25?lang=ru,1,5,20%,9.6
https://docta.me/clinics/32?lang=tr,1,5,20%,10
https://docta.me/doctors?clinicIds=27&lang=tr,1,5,20%,10.4
https://docta.me/doctors?specialtyIds=47&languageIds=2,1,5,20%,10.8
https://docta.me/doctors?specialtyIds=33&languageIds=1&cityIds=1&lang=en,1,5,20%,14.2
https://docta.me/services/3766,1,5,20%,14.2
https://docta.me/doctors/669?lang=sr-cyrl,1,5,20%,15.6
https://docta.me/doctors?specialtyIds=44&cityIds=2,1,5,20%,16.4
https://docta.me/services/1493,1,5,20%,17.4
https://docta.me/doctors?clinicIds=51&lang=ru,1,5,20%,19.2
https://docta.me/doctors?specialtyIds=52&languageIds=3&cityIds=1,1,5,20%,19.4
https://docta.me/doctors?specialtyIds=82&languageIds=2&cityIds=1,1,5,20%,19.4
https://docta.me/doctors?specialtyIds=22&languageIds=2&lang=en,1,5,20%,20.6
https://docta.me/doctors/836?lang=sr-cyrl,1,5,20%,22.2
https://docta.me/doctors?specialtyIds=47&cityIds=1&lang=sr-cyrl,1,5,20%,23
https://docta.me/services/2239,1,5,20%,27.6
https://docta.me/services/1978?lang=sr-cyrl,1,5,20%,30.8
https://docta.me/doctors?specialtyIds=68&languageIds=1,1,5,20%,45.2
https://docta.me/doctors?specialtyIds=80&languageIds=3&cityIds=1&lang=en,1,4,25%,2.75
https://docta.me/services/hemorrhoid-rubber-band-ligation?lang=en,1,4,25%,3
https://docta.me/doctors/647?lang=ru,1,4,25%,4.75
https://docta.me/doctors?specialtyIds=15&lang=en,1,4,25%,4.75
https://docta.me/doctors?specialtyIds=15&languageIds=1&lang=en,1,4,25%,5
https://docta.me/doctors?specialtyIds=17&cityIds=1&lang=ru,1,4,25%,5
https://docta.me/services/1618?lang=ru,1,4,25%,5
https://docta.me/services/2253,1,4,25%,5
https://docta.me/doctors?specialtyIds=86&cityIds=1,1,4,25%,5.25
https://docta.me/services/4146?lang=en,1,4,25%,5.25
https://docta.me/doctors/78?lang=sr-cyrl,1,4,25%,5.5
https://docta.me/doctors/149?lang=sr-cyrl,1,4,25%,5.75
https://docta.me/doctors?specialtyIds=5&languageIds=2&cityIds=3&lang=ru,1,4,25%,5.75
https://docta.me/doctors/466?lang=ru,1,4,25%,6.25
https://docta.me/doctors/775,1,4,25%,6.25
https://docta.me/doctors?specialtyIds=22&lang=tr,1,4,25%,6.25
https://docta.me/doctors/813?lang=sr-cyrl,1,4,25%,6.5
https://docta.me/doctors?specialtyIds=3&languageIds=1&cityIds=4&lang=sr-cyrl,1,4,25%,6.5
https://docta.me/doctors/476?lang=sr-cyrl,1,4,25%,6.75
https://docta.me/doctors/668,1,4,25%,6.75
https://docta.me/doctors?specialtyIds=8&languageIds=2&cityIds=4&lang=en,1,4,25%,6.75
https://docta.me/doctors?specialtyIds=36&languageIds=1&cityIds=1&lang=en,1,4,25%,7
https://docta.me/doctors/68?lang=sr-cyrl,1,4,25%,7.25
https://docta.me/doctors?clinicIds=37&lang=tr,1,4,25%,7.25
https://docta.me/doctors?specialtyIds=87&languageIds=1&cityIds=7,1,4,25%,7.5
https://docta.me/doctors/455?lang=en,1,4,25%,7.75
https://docta.me/doctors/497,1,4,25%,8
https://docta.me/doctors/775?lang=ru,1,4,25%,8
https://docta.me/doctors?specialtyIds=30&cityIds=2&lang=sr-cyrl,1,4,25%,8
https://docta.me/doctors/983,1,4,25%,8.25
https://docta.me/doctors?specialtyIds=79&languageIds=1,1,4,25%,8.25
https://docta.me/doctors?specialtyIds=8&languageIds=3&cityIds=1&lang=ru,1,4,25%,8.25
https://docta.me/doctors/681?lang=sr-cyrl,1,4,25%,8.5
https://docta.me/doctors?specialtyIds=73&languageIds=1&cityIds=4&lang=en,1,4,25%,8.75
https://docta.me/services/2198?lang=ru,1,4,25%,8.75
https://docta.me/labtests/41?lang=en,1,4,25%,9
https://docta.me/doctors/280?lang=sr-cyrl,1,4,25%,9.25
https://docta.me/doctors/3?lang=ru,1,4,25%,9.25
https://docta.me/doctors?specialtyIds=28&languageIds=1&cityIds=1&lang=sr-cyrl,1,4,25%,9.25
https://docta.me/doctors?specialtyIds=45&languageIds=3&lang=ru,1,4,25%,9.75
https://docta.me/doctors/745?lang=en,1,4,25%,10.25
https://docta.me/doctors?specialtyIds=18&cityIds=8,1,4,25%,10.25
https://docta.me/doctors?specialtyIds=52&languageIds=2&cityIds=1&lang=sr-cyrl,1,4,25%,10.25
https://docta.me/doctors/308?lang=sr-cyrl,1,4,25%,10.75
https://docta.me/doctors/602?lang=ru,1,4,25%,11
https://docta.me/clinics/a3-medical-sutomore?lang=ru,1,4,25%,11.25
https://docta.me/labtests/359,1,4,25%,11.25
https://docta.me/labtests/1726,1,4,25%,11.75
https://docta.me/doctors?specialtyIds=40&cityIds=3&lang=sr-cyrl,1,4,25%,13