Популярные запросы,Kлики,Показы,CTR,Позиция
poliklinika filipovic doktori,20,195,10.26%,9.72
dom zdravlja herceg novi,14,3700,0.38%,6.47
podolog podgorica,5,19,26.32%,12.74
kardiolog kotor,4,32,12.5%,8.38
natal poliklinika,3,1317,0.23%,8.41
milmedika podgorica doktori,3,146,2.05%,9
smart med kotor,3,129,2.33%,10.23
normedica herceg novi,3,97,3.09%,8.25
svetislav malbaski,3,64,4.69%,10.95
dermatolog podgorica,3,59,5.08%,29.29
urolog kotor,3,51,5.88%,13.9
perinatolog podgorica,3,34,8.82%,13.21
urolog budva,3,31,9.68%,16.77
urolog bar,3,11,27.27%,11.45
proktolog podgorica,3,9,33.33%,20.11
psiholog bar,3,5,60%,18.6
milmedika niksic,2,1070,0.19%,10.92
tesla berane,2,163,1.23%,8.68
milmedika niksic doktori,2,142,1.41%,9.66
moj lab pedijatrija,2,141,1.42%,8.68
natal klinika,2,79,2.53%,7.57
smartmed kotor,2,65,3.08%,9.17
стоматолог черногория,2,63,3.17%,13.3
hipokrat kotor,2,61,3.28%,11.54
neurohirurg podgorica,2,47,4.26%,20.21
gastroenterolog budva,2,37,5.41%,9.7
reumatolog podgorica,2,27,7.41%,33.48
moj lab podgorica doktori,2,22,9.09%,9.68
endokrinolog kotor,2,20,10%,10
zeljko mijuskovic,2,16,12.5%,8.19
dermatovenerolog podgorica,2,16,12.5%,13.38
psihoterapeut podgorica,2,11,18.18%,28.82
gastroenterolog bar,2,9,22.22%,10
dr željko mijušković,2,8,25%,10.38
dr vladan boskovic,2,7,28.57%,13.57
dr medicine rada,2,5,40%,7.6
fizijatar podgorica,2,5,40%,42.4
hipokrat poliklinika nikšić,2,4,50%,5.75
stomatolog tivat,2,4,50%,12.25
najbolji endokrinolog crna gora,2,2,100%,13.5
infektolog podgorica privatno,2,2,100%,15
milmedika podgorica,1,1152,0.09%,9.56
poliklinika natal,1,465,0.22%,8.55
mil medika podgorica,1,382,0.26%,9.08
milmedika tivat,1,271,0.37%,11.61
medical centar budva,1,208,0.48%,8.54
bona lab,1,136,0.74%,10.66
dom zdravlja bar,1,129,0.78%,9.4
balans niksic,1,117,0.85%,8.98
milmedika - podgorica,1,99,1.01%,9.1
tesla medical berane,1,83,1.2%,8.96
raspored lekara dom zdravlja herceg novi,1,76,1.32%,8.41
dz herceg novi,1,59,1.69%,6.56
apolonia rasovic,1,59,1.69%,9.95
mojlab podgorica,1,58,1.72%,8.59
raspored rada doktora herceg novi,1,55,1.82%,7.75
стоматология в черногории,1,55,1.82%,26.73
hirurgija dr eli,1,54,1.85%,11.52
mina gazivoda,1,33,3.03%,9.85
neurolog podgorica,1,33,3.03%,54.58
international medical center,1,32,3.12%,9.88
a medica,1,31,3.23%,7.29
triholog podgorica,1,31,3.23%,8.03
kardiolog budva,1,31,3.23%,18.74
izabrani doktor herceg novi,1,27,3.7%,9.11
dermatologija podgorica,1,27,3.7%,63
neurolog kotor,1,26,3.85%,26.19
jelena konatar,1,25,4%,9.12
endokrinolog podgorica,1,25,4%,48.6
dr madzgalj gastroenterolog,1,20,5%,7.85
русская стоматология в черногории,1,20,5%,11.5
pulmologija podgorica,1,20,5%,59.75
ginekolog kotor,1,19,5.26%,30.05
gastroenterolog podgorica,1,18,5.56%,34.11
anesteziolog podgorica,1,17,5.88%,8.47
oleg lakovic,1,15,6.67%,5.47
milmedika niksic psihijatar,1,15,6.67%,10.27
gastroenterolog tivat,1,14,7.14%,8.86
najbolji kardiolog podgorica,1,14,7.14%,27.07
orl doktor podgorica,1,14,7.14%,57.14
zenski urolog podgorica,1,13,7.69%,7.62
moj lab kontakt,1,13,7.69%,7.69
orl podgorica,1,13,7.69%,41.92
dental expert tivat,1,12,8.33%,11.08
ginekologija kotor,1,12,8.33%,25.5
dragana bogdanovic stojanovic,1,11,9.09%,15.82
dr dragana bogdanovic stojanovic,1,10,10%,7.7
reumatolozi podgorica,1,10,10%,8.1
dopler krvnih sudova podgorica,1,10,10%,53.6
dermatolog budva,1,9,11.11%,30
dunja vlahovic,1,8,12.5%,8.75
sladjana racic,1,8,12.5%,8.75
jevto erakovic doktor,1,8,12.5%,9.38
djeciji ortoped,1,8,12.5%,10.12
vladimir filipovic doktor,1,7,14.29%,8
hipokrat poliklinika nikšić слике,1,7,14.29%,9.86
endokrinolog herceg novi,1,7,14.29%,16.71
pulmolog podgorica,1,7,14.29%,27.29
infektolog podgorica,1,7,14.29%,31.86
nefrolog podgorica,1,7,14.29%,33.86
juskovic aleksandar,1,6,16.67%,5.33
dr kovač,1,6,16.67%,7.33
urolog tivat,1,6,16.67%,10.67
dr pepic,1,5,20%,8
dr tasic,1,5,20%,8
imunolog podgorica,1,5,20%,8.4
endokrinolog bar,1,5,20%,16.4
dermatolozi podgorica,1,5,20%,19.6
sasa radovic,1,5,20%,24
psihijatrija niksic,1,5,20%,41.8
dr sonja radojičić,1,4,25%,7.5
endokrinolozi podgorica,1,4,25%,19.5
filip uskokovic,1,4,25%,24.25
operacija nosa podgorica,1,4,25%,26.75
clinic for neurosurgery,1,3,33.33%,2.33
danilo djuric,1,3,33.33%,2.33
nefroloska ambulanta,1,3,33.33%,7
moj lab psihijatar,1,3,33.33%,12
gastroenterolog niksic,1,3,33.33%,13
dr velibor majic,1,3,33.33%,13.33
miroslav radunovic,1,3,33.33%,23.67
perintolog,1,2,50%,2
dr gasic,1,2,50%,5
spisak lekara,1,2,50%,5
ambulanta endokrinologije klinicki centar,1,2,50%,6
klinika svjetlost doktori,1,2,50%,6.5
imc personal,1,2,50%,7
sinan eco,1,2,50%,8
andjela golubovic,1,2,50%,9
hematološka ambulanta,1,2,50%,9.5
baris erturk,1,2,50%,11
ginekolozi podgorica,1,2,50%,19
pedijatar budva,1,2,50%,19
pedijatrija bar,1,2,50%,19.5
dermoskopija podgorica,1,2,50%,20
urolozi podgorica,1,2,50%,21.5
dr batric vukcevic,1,2,50%,27.5
doktor urgentne medicine,1,1,100%,1
pediatric ophthalmologist near me,1,1,100%,1
adult speech therapist near me,1,1,100%,2
bitox near me,1,1,100%,4
private foot specialist near me,1,1,100%,4
filipovic podgorica,1,1,100%,5
dr bajić,1,1,100%,6
уролог дерматолог,1,1,100%,6
bojana vukovic,1,1,100%,7
dr sabina,1,1,100%,7
dusanka radovic,1,1,100%,7
goran banjac,1,1,100%,8
dr zanka cerovic,1,1,100%,9
dental clinic in bar,1,1,100%,10
endohirurgija klinicki centar,1,1,100%,10
jugoslav gasic orl,1,1,100%,10
otolaryngology near me,1,1,100%,10
kbc ginekologija doktori,1,1,100%,12
najbolji hematolog u podgorici,1,1,100%,12
masaža leđa cijena,1,1,100%,13
gastroenterologija kccg,1,1,100%,14
dr buta,1,1,100%,15
klinicki centar gastroenterologija kontakt,1,1,100%,15
psiholog crna gora,1,1,100%,16
aleksandar popovic psihijatar biografija,1,1,100%,19
onkologija klinicki centar podgorica,1,1,100%,20
otorinolaringolog budva,1,1,100%,22
igor jovanovic reumatolog,1,1,100%,23
operacija kapaka podgorica,1,1,100%,23
dr sasa radovic,1,1,100%,31
dr bojan vucetic kotor,1,1,100%,34
renuvion cena,1,1,100%,35
zeljka rogac neurolog,1,1,100%,37
dr lazovic hirurg podgorica,1,1,100%,38
zvrko,1,1,100%,45
dentist near me accepting new patients,0,480,0%,7.15
hipokrat radanovići,0,309,0%,8.46
in vitro,0,264,0%,9.43
milmedika,0,263,0%,8.67
imc,0,223,0%,10.12
konzilijum,0,216,0%,7
moj lab podgorica,0,209,0%,11.48
natal,0,200,0%,10.22
konzilijum podgorica,0,195,0%,9.45
vertebra,0,176,0%,10.2
raspored rada lekara herceg novi,0,175,0%,8.09
milmedika budva,0,113,0%,18.2
dentist near me,0,104,0%,7.03
medikid,0,101,0%,7.45
codra hospital,0,98,0%,8.35
dermodeks,0,96,0%,11.5
svjetlost budva,0,92,0%,11.23
therapy near me accepting new patients,0,88,0%,3.44
rad doktora herceg novi,0,88,0%,8.51
bona lab niksic,0,81,0%,10.62
fizikalna terapija vertebra,0,79,0%,7.62
логопед монтенегро,0,76,0%,25.2
mil medika niksic,0,70,0%,9.69
raspored rada doktora u domu zdravlja herceg novi,0,63,0%,8.27
raspored doktora herceg novi,0,62,0%,8.66
dom zdravlja herceg - novi,0,61,0%,7.26
svjetlost будва,0,61,0%,10.11
imc poliklinika,0,60,0%,10
vaše zdravlje,0,59,0%,7.86
dom zdravlja herceg novi raspored rada doktora,0,58,0%,8.59
ordinacija balans,0,58,0%,8.67
стоматология,0,56,0%,20.62
hipokrat podgorica,0,52,0%,9.94
dom zdravlja hn,0,51,0%,6.82
klinika svjetlost budva,0,49,0%,9.39
moj lab,0,47,0%,14.15
herceg novi dom zdravlja,0,46,0%,7.78
milmedika tivat doktori,0,46,0%,9.57
novi cenex medical,0,46,0%,11.57
milenko tadic,0,43,0%,6.84
dr nenezic,0,41,0%,10.32
milmedika nikšić,0,41,0%,10.73
smartmed podgorica,0,40,0%,9.22
mil medika,0,40,0%,9.45
spa medica,0,40,0%,9.47
dom.zdravlja herceg novi,0,39,0%,7.1
natal podgorica,0,39,0%,9.18
apolonia podgorica,0,39,0%,10.38
dentists near me,0,39,0%,23.51
dental expert отзывы,0,38,0%,8
стоматологи черногория,0,37,0%,15
эозинофильный катионный белок,0,37,0%,51.54
acne scar treatment near me,0,35,0%,5.49
mil medica podgorica,0,35,0%,10.43
bona lab niksic kontakt,0,35,0%,11.77
nor medika herceg novi,0,34,0%,7.88
hipokrat radanovici kontakt,0,33,0%,9.33
moj lab pedijatrija kontakt,0,32,0%,9.72
bonalab,0,31,0%,10.32
milmedika doktori,0,30,0%,9.2
dom zdravlja herceg novi raspored,0,30,0%,9.47
in vitro cjenovnik,0,30,0%,9.97
natal city kvart,0,29,0%,7.28
tesla medical,0,29,0%,10.69
urolog podgorica,0,29,0%,29.97
rad doktora dom zdravlja herceg novi,0,28,0%,6.82
raspored ljekara dom zdravlja herceg novi,0,28,0%,8.29
dom zdravlja budva,0,28,0%,12.07
raspored rada ljekara u domu zdravlja herceg novi,0,27,0%,7.67
plasticna hirurgija podgorica,0,27,0%,10.48
codra podgorica,0,26,0%,25.73
dental expert,0,25,0%,9.6
poliklinika moj lab podgorica,0,25,0%,10.32
dukley dental clinic,0,25,0%,22.96
nolpaza 40 mg,0,24,0%,7.62
rad ljekara herceg novi,0,24,0%,9.25
moj lab poliklinika podgorica,0,24,0%,10.12
dentist montenegro,0,24,0%,50.46
dr erakovic,0,23,0%,7.78
moj lab podgorica kontakt,0,23,0%,12.61
spamedica,0,22,0%,8.55
klinika natal,0,22,0%,9.14
klinika svjetlost,0,22,0%,12.64
dentistry in montenegro,0,22,0%,50.55
dr bardak,0,21,0%,7.1
alergolog podgorica,0,21,0%,17.19
dental clinic in montenegro,0,21,0%,65.95
dr maja djurovic,0,20,0%,8.65
mijuskovic dermatolog,0,20,0%,9.05
dr eli podgorica,0,20,0%,9.8
стоматолог,0,20,0%,18.75
internista podgorica,0,20,0%,61.3
jovan bubanja,0,19,0%,7.95
konzilijum poliklinika,0,19,0%,8.79
pedijatrija moj lab,0,19,0%,9
urolog niksic,0,19,0%,19.84
dermatolog kotor,0,19,0%,26.21
ortoped podgorica,0,19,0%,43.05
dental in montenegro,0,19,0%,57.79
raspored rada doktora dom zdravlja herceg novi,0,18,0%,6.22
codra doktori,0,18,0%,9.22
гинеколог,0,18,0%,9.33
dr masonicic,0,18,0%,10.28
ankica ivanovic,0,18,0%,10.67
ortopedija podgorica,0,18,0%,23.33
dentists,0,18,0%,56.17
msct toraksa,0,18,0%,74.61
dragomir madzgalj,0,17,0%,6.59
smart medica kotor,0,17,0%,8.59
gastroenterolog,0,17,0%,8.76
dr ećo kardiolog,0,17,0%,10.06
invitro,0,17,0%,10.18
miketic ginekolog,0,17,0%,28.41
pedijatar podgorica,0,17,0%,56.71
codra hospital podgorica,0,16,0%,8.06
balans ordinacija,0,16,0%,9.12
poliklinika smart med kotor,0,16,0%,9.38
reumatolog niksic,0,16,0%,10.12
najbolji neurohirurg podgorica,0,16,0%,21.31
oralni hirurg,0,16,0%,24.38
логопед сербия,0,16,0%,38.81
kardiolog podgorica,0,16,0%,45.44
mr mozga,0,16,0%,53.62
stomatolog podgorica,0,16,0%,57.38
dental clinic montenegro,0,16,0%,62.06
dr saric,0,15,0%,5.53
raspored rada lekara dom zdravlja herceg novi,0,15,0%,6.67
dr sehovic,0,15,0%,7
dr dragomir madzgalj,0,15,0%,7.27
neurolog ulcinj,0,15,0%,7.6
a3 medical doktori,0,15,0%,8.67
dermatolog mijuskovic,0,15,0%,9.4
raspored rada ljekara herceg novi,0,15,0%,9.53
dr miketic,0,15,0%,9.73
donkovic gastroenterolog,0,15,0%,9.93
mil medika budva,0,15,0%,10.47
svetlost budva,0,15,0%,10.8
neurolog budva,0,15,0%,15.13
стоматологическая клиника,0,15,0%,17.33
dentistry montenegro,0,15,0%,61.27
dentist near,0,14,0%,7.29
ivan joksimovic,0,14,0%,7.43
a klinika podgorica,0,14,0%,7.5
a 3 medical,0,14,0%,9.5
milmedika - budva,0,14,0%,11.14
ortoped aligrudic,0,14,0%,20.93
lidija rakocevic,0,14,0%,22.71
mojlab,0,13,0%,8.38
ivan vlahovic ortoped,0,13,0%,8.77
milmedika orl,0,13,0%,8.77
dom zdravlja herceg novi kontakt,0,13,0%,8.92
dr raonic,0,13,0%,10.31
ana nenezic,0,13,0%,10.38
bono medica budva,0,13,0%,10.85
moj lab endokrinolog,0,13,0%,11.31
dentist bar,0,13,0%,14.08
psiholog podgorica,0,13,0%,41.31
yag lazer iridotomi,0,13,0%,84.69
neurohirurg,0,12,0%,6
dr dasic,0,12,0%,6.58
dr juskovic,0,12,0%,7.5
"orl ambulanta ""international medical center""",0,12,0%,8.33
medkid,0,12,0%,8.42
mojlab budva,0,12,0%,9.5
poliklinika filipovic gastroenterolog,0,12,0%,9.58
brigita smolovic moj lab,0,12,0%,10.17
moj lab dalmatinska,0,12,0%,15.42
pediatra,0,12,0%,22.5
stomatolog budva,0,12,0%,27.75
nermin abdic,0,12,0%,32.08
эозинофильный катионный белок анализ,0,12,0%,38.42
hematolog podgorica,0,12,0%,39
orl doktori podgorica,0,12,0%,40.17
hyalubrix,0,12,0%,40.75
psihijatar podgorica,0,12,0%,54
hipec montenegro,0,11,0%,3.82
where to get tested,0,11,0%,6.73
jevto erakovic konzilijum,0,11,0%,7.64
ophthalmologist,0,11,0%,7.82
милмедика,0,11,0%,8
izabrani doktori herceg novi,0,11,0%,8.64
dental practice bar,0,11,0%,8.73
medikid podgorica,0,11,0%,8.82
dr zeljko mijuskovic,0,11,0%,9.27
temel dental,0,11,0%,9.55
dr crnogorac,0,11,0%,9.73
moj lab budva doktori,0,11,0%,10
dr kovac,0,11,0%,10.18
elvir mucic,0,11,0%,10.36
зубной врач,0,11,0%,10.45
zeljko mijuskovic dermatolog,0,11,0%,10.64
neurolog herceg novi,0,11,0%,16.73
dusanka novosel,0,11,0%,17.55
pulmolog budva,0,11,0%,19
augenchirurgen,0,11,0%,91.45
deciji oftalmolog,0,10,0%,4.9
dr bajic,0,10,0%,5.1
nikola cvijovic,0,10,0%,6.7
dr mijuskovic,0,10,0%,6.9
natal clinic,0,10,0%,7.5
natal klinika podgorica,0,10,0%,7.5
vukovic ginekolog,0,10,0%,7.5
a klinika,0,10,0%,7.8
natal dermatolog,0,10,0%,8.9
su medica,0,10,0%,9
poliklinika konzilijum podgorica,0,10,0%,9.3
милмедика подгорица,0,10,0%,9.4
poliklinika konzilijum,0,10,0%,9.6
vojislav miketic,0,10,0%,10
dr simonovic,0,10,0%,10.7
orl herceg novi,0,10,0%,11.4
natasa malbaski,0,10,0%,11.6
ортодонт в баре,0,10,0%,12.5
endokrinolog budva,0,10,0%,12.8
ekspertni ultrazvuk podgorica,0,10,0%,36.3
estetska hirurgija podgorica,0,10,0%,42.8
diagnostica podgorica,0,10,0%,44.6
pedijatrijska ambulanta simonović,0,10,0%,67.3
эозинофильный катионный белок норма,0,10,0%,68.7
невролог,0,9,0%,5
dr pot,0,9,0%,5.22
нефролог,0,9,0%,6.67
офтальмолог,0,9,0%,6.78
узи,0,9,0%,7.11
normedika herceg novi,0,9,0%,7.44
dr eli,0,9,0%,7.67
ordinacija luca podgorica,0,9,0%,8.33
hipokrat radanovici,0,9,0%,8.67
natal doktori,0,9,0%,8.67
snezana vukadinovic,0,9,0%,9.56
tesla medika berane,0,9,0%,10.11
urologist,0,9,0%,10.11
ortoped juskovic,0,9,0%,10.67
moj lab podgorica kontakt telefon,0,9,0%,10.78
doctor lab,0,9,0%,10.89
bonalab niksic,0,9,0%,11.22
a medic podgorica,0,9,0%,11.33
dentist in bar,0,9,0%,11.89
masonicic,0,9,0%,11.89
optimal podgorica,0,9,0%,13
nikola pavlovic,0,9,0%,19.33
ortoped budva,0,9,0%,24.56
dr vukmirovic,0,9,0%,29.44
deciji zubar podgorica,0,9,0%,43.78
malbaski ordinacija pg,0,9,0%,52.78
radiolog podgorica,0,9,0%,74.44
hirurško uklanjanje mladeza,0,9,0%,88.56
carbamazepine levels,0,9,0%,90.44
sleep study near me,0,8,0%,3
ophthalmologist near me,0,8,0%,3.88
endokrinolog tivat,0,8,0%,5.25
"""aminofilin"" dexa medica",0,8,0%,6.88
bolnica konzilijum podgorica,0,8,0%,7.25
prima medica kotor,0,8,0%,7.75
dr marko music,0,8,0%,8.12
sonja radojicic kardiolog,0,8,0%,8.12
dr zivkovic,0,8,0%,8.38
hipokrat doktori,0,8,0%,8.38
dr nisavic,0,8,0%,8.62
poliklinika natal podgorica,0,8,0%,9
hipokrat vlado popovic,0,8,0%,9.25
ordinacija luča,0,8,0%,9.38
moj lab pedijatrija podgorica,0,8,0%,9.62
dr grbovic,0,8,0%,9.75
hirurgija dr eli подгорица,0,8,0%,10
dom zdravlja herceg novi izabrani doktor,0,8,0%,10.25
dr mugosa,0,8,0%,10.38
apolonija rasovic,0,8,0%,11.12
dentist tivat,0,8,0%,16.38
dr banda,0,8,0%,16.62
clinic,0,8,0%,17.25
rezidencija zdravlja kerber,0,8,0%,19.62
doctors near me,0,8,0%,20.12
plasticni hirurg podgorica,0,8,0%,31.12
psihijatar budva,0,8,0%,37.75
ginekolog podgorica,0,8,0%,44
poliklinika podgorica,0,8,0%,44.5
dr aleksandar radovic,0,8,0%,53.62
lemod,0,8,0%,61
аналіз на метанефрини,0,8,0%,85.5
гастроэнтеролог,0,7,0%,4.71
uz,0,7,0%,4.86
therapy near me,0,7,0%,6.86
dejan kojic,0,7,0%,7
djeciji oftamolog,0,7,0%,7
vesna miranovic,0,7,0%,8.43
a medic,0,7,0%,8.71
altabella,0,7,0%,8.86
moj lab podgorica dalmatinska,0,7,0%,9
ajsa kalac,0,7,0%,9.29
dr kadic,0,7,0%,9.29
ortopedija aligrudić,0,7,0%,9.43
ljekarsko uvjerenje budva,0,7,0%,9.71
bonomedica budva,0,7,0%,9.86
imc klinika,0,7,0%,10.29
milmedika pg,0,7,0%,11.86
malbaski podgorica,0,7,0%,12.14
valentina kalinic,0,7,0%,12.57
dental clinic bar,0,7,0%,13.29
željko mijušković dermatolog,0,7,0%,13.86
psiholog budva,0,7,0%,16.29
gynecologist,0,7,0%,19
poliklinika diagnostica,0,7,0%,24.57
dr nermin abdic,0,7,0%,25.57
anti ssa ro,0,7,0%,32.43
4d ultrazvuk podgorica,0,7,0%,37
ekspertski ultrazvuk podgorica,0,7,0%,37.86
imc podgorica,0,7,0%,41
uho grlo nos podgorica,0,7,0%,43.71
ultrazvuk abdomena podgorica,0,7,0%,54.29
stomatologija podgorica,0,7,0%,72.14
western blot borrelia,0,7,0%,86.14
катионный протеин эозинофилов,0,7,0%,91.29
iop medizin,0,7,0%,92.71
pediatrician,0,6,0%,6.67
vladimir jovanovic doktor,0,6,0%,6.83
маммолог,0,6,0%,7.67
mitar radulovic,0,6,0%,8.17
nena pavlicic,0,6,0%,8.67
tijana brandmajer psihijatar,0,6,0%,9
dr coric,0,6,0%,9.17
milmedika reviews,0,6,0%,9.33
dr kolasinac,0,6,0%,9.5
sotir dental centar,0,6,0%,9.67
dr terzic,0,6,0%,9.83
poliklinika diagnostica – слике,0,6,0%,10
radomir rakocevic,0,6,0%,10.17
amedic,0,6,0%,10.33
cicmil zubar,0,6,0%,10.33
dom zdravlja budva kontakt,0,6,0%,10.33
мрт,0,6,0%,10.33
smart med podgorica,0,6,0%,11.17
danijela raonic,0,6,0%,11.83
psiholog niksic,0,6,0%,12.5
hipokrat,0,6,0%,14.17
neonatolog podgorica,0,6,0%,15.5
bojan vucetic doktor,0,6,0%,15.83
стоматолог бар,0,6,0%,16
dermatolog tivat,0,6,0%,17.33
cink u 24h urinu,0,6,0%,22.5
reumatolog herceg novi,0,6,0%,25.33
orl klinika,0,6,0%,27.5
in vitro centar,0,6,0%,28
kerber ordinacija,0,6,0%,29.5
stomatolog bar,0,6,0%,30.17
kerber podgorica,0,6,0%,32.67
pedijatar bar,0,6,0%,38.83
orl budva,0,6,0%,42.5
ginekoloske ordinacije podgorica,0,6,0%,44.17
кортизол в моче,0,6,0%,44.5
анализ плацентарный лактоген,0,6,0%,44.67
pedijatrija podgorica,0,6,0%,47.5
nolpaza 20 mg,0,6,0%,48
abortus podgorica,0,6,0%,48.83
klometol,0,6,0%,51.17
otorinolaringolog podgorica,0,6,0%,57
katarina gacevic,0,6,0%,61.67
dr boljevic,0,6,0%,62
msct abdomena,0,6,0%,69
codra podgorica ginekologija,0,6,0%,70.83
analiza b6,0,6,0%,80.33
bris grla,0,6,0%,80.5
tpmt genetik,0,6,0%,86.17
temel,0,5,0%,2
dr cavic,0,5,0%,2.8
эндокринолог,0,5,0%,5.2
dermatologist near me,0,5,0%,5.6
edin sabovic,0,5,0%,5.8
center for physical therapy,0,5,0%,6
dr dedic,0,5,0%,6
madzgalj gastroenterolog,0,5,0%,6.2
raspored rada ljekara dom zdravlja herceg novi,0,5,0%,6.2
temel dental podgorica,0,5,0%,6.2
а3 medical,0,5,0%,6.8
codra bolnica podgorica,0,5,0%,7.4
dr onkolog,0,5,0%,7.4
luca klinika,0,5,0%,8
doktor djogo,0,5,0%,8.2
moj lab doktori,0,5,0%,8.2
dr paunovic,0,5,0%,8.4
ordinacija zecevic budva,0,5,0%,8.6
poliklinika diagnostica слике,0,5,0%,8.6
milmedica,0,5,0%,8.8
dr dragana bogdanovic,0,5,0%,9
natal poliklinika ginekolog,0,5,0%,9
filipovic ginekolog,0,5,0%,9.2
moj lab kontakt telefon,0,5,0%,9.2
primus medical podgorica,0,5,0%,9.2
дом здравља бар,0,5,0%,9.4
dr vukadinovic,0,5,0%,9.6
hipokrat poliklinika radanovići kotor,0,5,0%,9.6
остеопат,0,5,0%,9.6
рецензије за konzilijum,0,5,0%,9.6
трихолог,0,5,0%,9.6
bona lab stari aerodrom,0,5,0%,9.8
hipokrat niksic,0,5,0%,9.8
aleksandra bozovic ginekolog,0,5,0%,10
rektosigmoidoskopija,0,5,0%,10
индекс каппа/лямбда,0,5,0%,10
poliklinika dr masonicic,0,5,0%,10.2
dr stanisic,0,5,0%,10.4
ginekolog niksic,0,5,0%,10.4
dr pavicevic,0,5,0%,10.6
уролог,0,5,0%,10.6
moj lab ginekolozi,0,5,0%,10.8
urolog klinicki centar,0,5,0%,10.8
bona lab blok 5,0,5,0%,11
dr gastroenterolog,0,5,0%,11
dr todorovic,0,5,0%,11.4
dr aida,0,5,0%,11.6
sahmanovic ginekolog,0,5,0%,13
in vitro podgorica,0,5,0%,13.2
poliklinika kotor,0,5,0%,13.4
dario jocic,0,5,0%,14.4
moj lab city kvart,0,5,0%,14.6
milmedika city kvart,0,5,0%,14.8
doctor near me,0,5,0%,17.6
moj lab poliklinika,0,5,0%,19.2
najbolji endokrinolog podgorica,0,5,0%,19.2
najbolji urolog podgorica,0,5,0%,22.8
luka utjesinovic,0,5,0%,23
konzilijum kbc podgorica,0,5,0%,25
laboratorija podgorica,0,5,0%,26.2
neurolog crna gora,0,5,0%,26.8
kodra klinika,0,5,0%,27.4
najbolji ginekolog podgorica,0,5,0%,29.6
oftalmolog budva,0,5,0%,31.8
codra hirurgija,0,5,0%,33.4
neuropsihijatar podgorica,0,5,0%,41.6
суточная моча на кортизол,0,5,0%,43.4
budva ginekolog,0,5,0%,45.2
dr vojo miketic,0,5,0%,49.2
ekspertski ultrazvuk,0,5,0%,49.8
kardiologija podgorica,0,5,0%,50
dijagnostika podgorica,0,5,0%,52.6
ginekoloska ordinacija podgorica,0,5,0%,53.2
dental budva,0,5,0%,53.6
zubar budva,0,5,0%,54.4
pregled uha,0,5,0%,63.2
aminofilin,0,5,0%,63.8
nebojsa zizic,0,5,0%,69.2
coombs indirect,0,5,0%,82.6
carbamazepine level,0,5,0%,86
deciji gastroenterolog,0,4,0%,2.25
imc medical,0,4,0%,3.25
гематолог,0,4,0%,4
luca clinic,0,4,0%,4.25
пульмонолог,0,4,0%,4.5
наталья ткач,0,4,0%,4.75
acne clinic,0,4,0%,5
docta,0,4,0%,5.5
dr jovanov,0,4,0%,5.75
dr dasic hirurg,0,4,0%,6
full body massage,0,4,0%,6
orl doktori,0,4,0%,6
рецензије за smart med kotor,0,4,0%,6
pedijatar gastroenterolog,0,4,0%,6.25
dječji endokrinolog,0,4,0%,6.5
radjenovic bar,0,4,0%,6.5
doktor bojan,0,4,0%,7.25
deciji ortoped,0,4,0%,7.5
doktor halilovic,0,4,0%,7.5
dr zecevic,0,4,0%,7.5
pulmonolog,0,4,0%,7.5
saric doktor,0,4,0%,7.5
dr becirovic,0,4,0%,7.75
dr djurovic kotor,0,4,0%,7.75
vascular surgeon,0,4,0%,8
dr borovinic,0,4,0%,8.25
med kid,0,4,0%,8.25
onkologija klinicki centar,0,4,0%,8.25
dr roganovic,0,4,0%,8.5
nolpaza 40,0,4,0%,8.5
poliklinika luča podgorica,0,4,0%,8.5
sumedika,0,4,0%,8.5
urolog djurovic,0,4,0%,8.5
милмедика будва,0,4,0%,8.5
dr delevic,0,4,0%,8.75
milmedica podgorica,0,4,0%,8.75
dr mirjana rasljic,0,4,0%,9
klinika imc,0,4,0%,9
physical therapy clinics,0,4,0%,9
dz danilovgrad,0,4,0%,9.5
intenzivna njega podgorica kontakt,0,4,0%,9.5
mirjana rasljic,0,4,0%,9.5
orl barjaktarovic,0,4,0%,9.5
utjesinovic,0,4,0%,9.5
branka samardzija jovanovic,0,4,0%,10
jovetic zubar,0,4,0%,10
slavojka jovanov,0,4,0%,10
brajovic urolog,0,4,0%,10.25
doktor babovic,0,4,0%,10.25
dr pejakovic,0,4,0%,10.25
najbolji infektolog podgorica,0,4,0%,10.25
budva dom zdravlja,0,4,0%,10.5
dr barjaktarević,0,4,0%,10.5
ljilja radulovic,0,4,0%,10.5
ordinacija srce kotor,0,4,0%,10.5
dr za stitnu zlezdu,0,4,0%,10.75
gea medical,0,4,0%,10.75
moj lab kontakt podgorica,0,4,0%,10.75
ocna klinika svjetlost budva,0,4,0%,10.75
dr senad,0,4,0%,11
dr vuković ginekolog,0,4,0%,11
milmedika tivat kontakt,0,4,0%,11
moj lab orl,0,4,0%,11.25
konzilijum poliklinika podgorica,0,4,0%,11.75
moj lab dermatolog,0,4,0%,11.75
bona lab niksic broj telefona,0,4,0%,12
gastroenterolog berane,0,4,0%,12.25
dr šarić,0,4,0%,13.25
milmedika podgorica kontakt,0,4,0%,13.25
rabrenovic endokrinolog,0,4,0%,13.25
ortoped bar,0,4,0%,14.5
dragana bogdanovic,0,4,0%,15.25
reumatolog crna gora,0,4,0%,15.75
стоматология в баре,0,4,0%,16
nikola dimitrijevic,0,4,0%,19
dr svetislav malbaski,0,4,0%,20.5
klinika za oralnu hirurgiju,0,4,0%,21.25
psihijatri podgorica,0,4,0%,22.75
stomatoloskа ordinacija bar,0,4,0%,24.5
konzilijum kontakt,0,4,0%,24.75
najbolji dermatolog podgorica,0,4,0%,25.5
stomatoloska ordinacija bar,0,4,0%,28
nikola bakic,0,4,0%,31
kerber poliklinika,0,4,0%,33.25
bona lab podgorica kontakt,0,4,0%,35.25
maja raicevic,0,4,0%,35.5
ultrazvuk abdomena cijena podgorica,0,4,0%,35.5
zenski ginekolog podgorica,0,4,0%,37.25
najbolji endokrinolog u podgorici,0,4,0%,37.75
плацентарный лактоген анализ,0,4,0%,37.75
zubar tivat,0,4,0%,39.75
kolonoskopija podgorica cijena,0,4,0%,40.25
эозинофильно катионный белок,0,4,0%,41.75
privatni reumatolog podgorica,0,4,0%,43.25
psiholozi podgorica,0,4,0%,44
hirurgija podgorica,0,4,0%,46
stomatoloska ordinacija podgorica,0,4,0%,51
ivan djukic,0,4,0%,54
privatne laboratorije podgorica,0,4,0%,54.25
dr vlado popovic,0,4,0%,58
ultrazvuk podgorica,0,4,0%,63.75
kapa lambda,0,4,0%,68.25
полипэктомия анального,0,4,0%,69.25
gastroenterologija klinicki centar,0,4,0%,70.25
ultrazvuk dojke podgorica,0,4,0%,71.75
ginekolog bar,0,4,0%,73
metamfetamin testi,0,4,0%,75.25
dentist,0,4,0%,79.75
operacija hemoroida cijena,0,4,0%,80.25
valproic acid level,0,4,0%,95.5
dr ersan,0,3,0%,1
ent doctor near me,0,3,0%,1
privatni urolog podgorica,0,3,0%,1
pediatrician near me,0,3,0%,3
ревматолог,0,3,0%,3
pulmologa,0,3,0%,3.33
hipokrat kontakt,0,3,0%,4
podiatrist near me,0,3,0%,4
dr guzina,0,3,0%,4.33
ordinacija malbaški podgorica,0,3,0%,4.33
dr mihaljevic,0,3,0%,4.67
urgent care near me open now,0,3,0%,4.67
психотерапевт,0,3,0%,4.67
dr zujovic,0,3,0%,5
a clinic,0,3,0%,5.33
aleksandar psihijatar,0,3,0%,5.33
bojan vucetic,0,3,0%,6
dr agic,0,3,0%,6.33
ginekolog budva dom zdravlja,0,3,0%,6.33
pulmonologist,0,3,0%,6.33
reumatološka ambulanta,0,3,0%,6.33
medical lab,0,3,0%,6.67
doktor porodicne medicine,0,3,0%,7
dr sabovic,0,3,0%,7
dr stamenkovic,0,3,0%,7
braunile,0,3,0%,7.33
dr dabovic,0,3,0%,7.33
dr mikulic,0,3,0%,7.33
natal poliklinika podgorica,0,3,0%,7.33
sanela muminovic,0,3,0%,7.33
психиатр,0,3,0%,7.67
dentist near ne,0,3,0%,8
dermatolozi,0,3,0%,8
dr ralevic,0,3,0%,8
mandic ortoped,0,3,0%,8
poliklinika dr masonicic слике,0,3,0%,8
suhih doktor,0,3,0%,8
tanja filipovic,0,3,0%,8
милмедика тиват,0,3,0%,8
dr dragica,0,3,0%,8.33
dr jelic,0,3,0%,8.33
dr vukovic ginekolog,0,3,0%,8.33
klinika kodra,0,3,0%,8.33
klinika luča podgorica,0,3,0%,8.33
acp injekcija,0,3,0%,8.67
dječji ortoped,0,3,0%,8.67
dr erakovic neurolog,0,3,0%,8.67
elena celebic,0,3,0%,8.67
moj lab bolnica kontakt,0,3,0%,8.67
pulmolog,0,3,0%,8.67
dermatolog zeljko mijuskovic,0,3,0%,9
doktor eli,0,3,0%,9
doktor vukovic,0,3,0%,9
dr masa raonic,0,3,0%,9
gynecologist near me,0,3,0%,9
hematologija dnevna bolnica,0,3,0%,9
hipokrat radanovic,0,3,0%,9
klinika konzilijum,0,3,0%,9
luča podgorica,0,3,0%,9
moj lab podgorica pedijatrija,0,3,0%,9
vladan knezevic,0,3,0%,9
врач глазной,0,3,0%,9
doktor djurovic,0,3,0%,9.33
dr mustur,0,3,0%,9.33
ginekolog vukovic,0,3,0%,9.33
mandic urolog,0,3,0%,9.33
bona lab nikšić,0,3,0%,9.67
deciji alergolog,0,3,0%,9.67
direktor doma zdravlja herceg novi,0,3,0%,9.67
dom zdravlja bijelo polje,0,3,0%,9.67
dr davidovic,0,3,0%,9.67
dr radovic urolog,0,3,0%,9.67
milmedika podgorica cjenovnik,0,3,0%,9.67
srce kotor,0,3,0%,9.67
tesla radno vrijeme,0,3,0%,9.67
педиатр,0,3,0%,9.67
djecji zubar,0,3,0%,10
doktor vrbica,0,3,0%,10
dr dašić,0,3,0%,10
konzilijum klinika,0,3,0%,10
mil medica,0,3,0%,10
ordinacija svjetlost budva,0,3,0%,10
prof dr zeljko mijuskovic,0,3,0%,10
urologa,0,3,0%,10
rad ljekara u domu zdravlja herceg novi,0,3,0%,10.33
stomatoloska ordinacija tivat,0,3,0%,10.33
ректоцела,0,3,0%,10.33
almir rebronja,0,3,0%,10.67
bolnica meljine fizikalna terapija,0,3,0%,10.67
dr stanisic hirurg,0,3,0%,10.67
dr tela ulcinj,0,3,0%,10.67
hirurzi u kbc podgorica,0,3,0%,10.67
milmedika nk,0,3,0%,10.67
dr furtula,0,3,0%,11
dr nermin abdic kontakt,0,3,0%,11
dr radoman kotor,0,3,0%,11
eksploratif,0,3,0%,11
internista budva,0,3,0%,11
milmedika niksic kontakt telefon,0,3,0%,11
oftamologa,0,3,0%,11
prof ginekolog,0,3,0%,11
дерматолог,0,3,0%,11
dr pot orl,0,3,0%,11.33
dr vranes,0,3,0%,11.33
moj lab klinika podgorica kontakt,0,3,0%,11.33
mojlab bolnica,0,3,0%,11.33
poliklinika filipovic kontakt,0,3,0%,11.33
poliklinika natal photos,0,3,0%,11.33
нейрохирург,0,3,0%,11.33
bogdanovic natal,0,3,0%,11.67
bona lab prima,0,3,0%,11.67
primus medical,0,3,0%,11.67
ортопед,0,3,0%,11.67
djeciji zubar,0,3,0%,12
hijaluronski fileri podgorica,0,3,0%,12.33
vucetic ginekolog,0,3,0%,12.33
dr baris erturk,0,3,0%,12.67
dr malbaski,0,3,0%,12.67
neurolozi podgorica,0,3,0%,12.67
стоматологи бар,0,3,0%,12.67
hipokrat poliklinika,0,3,0%,13.33
moj lab budva,0,3,0%,13.33
nenad todorovic,0,3,0%,13.33
услуге које нуди poliklinika milmedika porto montenegro тиват,0,3,0%,13.33
moj lab klinika podgorica,0,3,0%,13.67
dr zeljko mijuskovic dermatolog,0,3,0%,14.67
mirko sebek,0,3,0%,14.67
endokrinolog niksic,0,3,0%,15
стоматологический кабинет,0,3,0%,16.67
azis haliti,0,3,0%,17.67
gonorea,0,3,0%,18
dr kojic,0,3,0%,20.67
kardiolozi podgorica,0,3,0%,20.67
dr marko vukovic,0,3,0%,21
djogo endokrinolog,0,3,0%,22
elektrofereza,0,3,0%,22.33
urologija niksic,0,3,0%,22.67
dermatologista,0,3,0%,25.33
moj lab podgorica broj telefona,0,3,0%,25.33
moj lab moskovska,0,3,0%,26.33
kodra ginekolozi,0,3,0%,27.33
internisticki pregled podgorica,0,3,0%,28
jugoslav gašić,0,3,0%,28
kavaric urolog,0,3,0%,28.33
oftalmolog niksic,0,3,0%,29
jevto eraković,0,3,0%,29.67
ginekoloska ordinacija,0,3,0%,30
psihijatar tivat,0,3,0%,30
nikola fatic,0,3,0%,30.33
moj lab bolnica,0,3,0%,31
poliklinika rezidencija zdravlja kerber,0,3,0%,31
зубная стоматология,0,3,0%,31
spermogram podgorica,0,3,0%,32.33
poliklinika niksic,0,3,0%,34
kardiolog vukmirovic,0,3,0%,34.67
суточный кортизол в моче,0,3,0%,35
bera,0,3,0%,36.33
poliklinika standard bar,0,3,0%,36.33
zubarska ordinacija podgorica,0,3,0%,36.67
ginekolog,0,3,0%,37
анализ мочи на кортизол,0,3,0%,37.33
medical clinic,0,3,0%,37.67
ginekolog budva,0,3,0%,38.67
diagnostica,0,3,0%,39.33
aleksandra albijanic nikcevic,0,3,0%,42
najbolji gastroenterolog u podgorici,0,3,0%,43
international medical center podgorica,0,3,0%,43.67
djeciji stomatolog podgorica,0,3,0%,44
моча на кортизол,0,3,0%,44.33
orl niksic,0,3,0%,45
najbolji neurolog,0,3,0%,45.67
stomatoloske ordinacije budva,0,3,0%,48.33
dunja cicmil,0,3,0%,49.67
цистеин анализ,0,3,0%,50
protrombinsko vrijeme,0,3,0%,52.33
ljekarsko uvjerenje bar,0,3,0%,53.33
pedijatar herceg novi,0,3,0%,54
danilo mandic,0,3,0%,55
lasersko skidanje dioptrije crna gora,0,3,0%,55
dr vlado popovic neurohirurg,0,3,0%,56.33
ordinacija vujovic kotor,0,3,0%,59.67
elixan,0,3,0%,60.33
klinika kerber,0,3,0%,61
пластинка ортодонтическая с винтом,0,3,0%,63.33
kompletan ginekoloski pregled,0,3,0%,65.33
ктг мониторинг,0,3,0%,65.67
рентген коленного сустава в двух проекциях,0,3,0%,66.67
raynose,0,3,0%,70
protrombinsko vreme,0,3,0%,71.67
lens optika podgorica,0,3,0%,78.33
kardiolog,0,3,0%,79
intraoralröntgen,0,3,0%,79.67
oberlippenlift,0,3,0%,80.67
campar,0,3,0%,82.33
cyclosporine level,0,3,0%,82.67
eingewachsener zehennagel englisch,0,3,0%,91.33
phenobarbital level,0,3,0%,92.33
nivelacija grebena,0,3,0%,92.67
karlici,0,3,0%,95.67
вистабел,0,3,0%,96.67
lamotrigine level,0,3,0%,98
kg i rh faktor,0,3,0%,98.67
dr endokrinolog,0,2,0%,1
eli,0,2,0%,1
psychiatrist near me,0,2,0%,1
reumatologija doktori,0,2,0%,1.5
eent clinic near me,0,2,0%,2
montenegro cardiologo,0,2,0%,2
аллерголог,0,2,0%,2
dr čavić,0,2,0%,2.5
orl doctor,0,2,0%,3
записаться к гинекологу,0,2,0%,3
частный психиатр,0,2,0%,3
onkolozi,0,2,0%,3.5
mamolog doktor,0,2,0%,4
hot stone masaza,0,2,0%,4.5
dr spasic,0,2,0%,5
dr zekic clinic,0,2,0%,5
dragana kastratovic,0,2,0%,5
kcs gastroenterologija doktori,0,2,0%,5
oftalmologa,0,2,0%,5
temel dental poliklinik podgorica,0,2,0%,5
dermatologist near me for skin,0,2,0%,5.5
dr scepanovic kardiolog,0,2,0%,5.5
imc clinic,0,2,0%,5.5
plastic surgeons near me,0,2,0%,5.5
radmila bulatovic,0,2,0%,5.5
spa medical center,0,2,0%,5.5
urologist near me,0,2,0%,5.5
vrbica doktor,0,2,0%,5.5
acne clynic,0,2,0%,6
doktor jelic,0,2,0%,6
komzilijum,0,2,0%,6
mladen filipovic,0,2,0%,6
nefrološka ambulanta,0,2,0%,6
psihijatri,0,2,0%,6
slavica djurovic,0,2,0%,6
дентал эксперт,0,2,0%,6
dr dobrila,0,2,0%,6.5
dr milacic,0,2,0%,6.5
ent clinic,0,2,0%,6.5
sauna,0,2,0%,6.5
vladislav vukomanović pediatric clinic,0,2,0%,6.5
травмотолог,0,2,0%,6.5
физиатр,0,2,0%,6.5
bojana mijatovic,0,2,0%,7
bona medika,0,2,0%,7
dr lakovic,0,2,0%,7
dr viller,0,2,0%,7
fizikalna terapija vertebra podgorica,0,2,0%,7
gastroenterološka ambulanta,0,2,0%,7
onkologija doktori,0,2,0%,7
pedijatrija boskovic,0,2,0%,7
pulmološka ambulanta,0,2,0%,7
srdjan djuranovic,0,2,0%,7
проктолог,0,2,0%,7
ana medica подгорица,0,2,0%,7.5
breast ultrasound clinic,0,2,0%,7.5
dečiji oftalmolog,0,2,0%,7.5
dnevna hematološka bolnica,0,2,0%,7.5
dr cvijovic,0,2,0%,7.5
dr drljevic,0,2,0%,7.5
dr nenezic podgorica,0,2,0%,7.5
endokrinolog za djecu,0,2,0%,7.5
hno arzt in der nähe,0,2,0%,7.5
internal medicine clinic,0,2,0%,7.5
lidija ognjenovic,0,2,0%,7.5
moj lab bolnica doktori,0,2,0%,7.5
moj.lab podgorica,0,2,0%,7.5
nordmedica,0,2,0%,7.5
normedika,0,2,0%,7.5
oftalmologo,0,2,0%,7.5
"poliklinika ""hipokrat""",0,2,0%,7.5
vojo miketic,0,2,0%,7.5
дом здравля будва,0,2,0%,7.5